입찰일시,실수요기관,공고명,Min,Max,물동량 평균,용역기간(개월),계약 기간 내,월 평균 환산,Min.1,Max.1,중앙값,평균,입찰결과_1순위,2순위,3순위,4순위,입찰금액_1순위,2순위.1,3순위.1,4순위.1,예가 대비,2순위 대비,Unnamed: 24,Unnamed: 25,개찰완료,단독응찰,직접진행,Revenue,Period,Rev/Month,Bubble size
2024-01-01 00:00:00,(재)한국에너지재단,2024년 에너지효율개선사업 콜센터 위탁 운영 용역,3,3,3,11.0,"145,100,000","13,190,909","4,396,970","4,396,970","4,396,970","4,396,970",(주)아이앤씨에스,(주)큐앤에이네트웍스,주식회사 콜포유,주식회사 하람앤커뮤니티,"143,930,000",135250000,144982200,143630000,99%,6.00%,,,,,,dddd,,dddd,
2024-01-01 00:00:00,건설근로자공제회,24년 전자카드제 전담 위탁콜센터 용역,10,10,10,9.0,"360,000,000","40,000,000","4,000,000","4,000,000","4,000,000","4,000,000",주식회사 한국클라우드,엠지신용정보 주식회사,주식회사 엠피씨플러스,,349083532,358714000,343986500,,97%,-2.80%,,,,,,,,,
2024-01-01 00:00:00,서울특별시,2024년 서울 청년수당 서류검증단 및 전담 콜센터 운영 용역,6,6,6,12.0,"287,204,000","23,933,667","3,988,944","3,988,944","3,988,944","3,988,944",주식회사 엠피씨플러스,주식회사 브랜드콘텐츠,주식회사 메타엠,주식회사 콜포유,284149000,258480000,274850000,282231400,99%,9.00%,,,,,,,,,
2024-01-01 00:00:00,아동권리보장원,2024년 아동학대예방 법정의무교육 실적관리 및 콜센터 운영,4,4,4,12.0,"139,000,000","11,583,333","2,895,833","2,895,833","2,895,833","2,895,833",(주)큐앤에이네트웍스,주식회사 텔레앤테크,주식회사 브랜드콘텐츠,주식회사 콜포유,135210000,138364770,125100000,138825500,97%,-2.30%,,,,,,,,,
2024-01-01 00:00:00,재단법인 부산경제진흥원,2024년 부산 다자녀 교육지원 포인트사업 콜센터 운영,2,6,4,12.0,"125,000,000","10,416,667","5,208,333","1,736,111","3,472,222","2,604,167",,,,,,,,,0%,#DIV/0!,무응찰,,,,,,,,
2024-01-01 00:00:00,재단법인한국보건의료정보원,2024년 진료정보교류시스템상담센터 운영관리,5,5,5,11.0,"195,000,000","17,727,273","3,545,455","3,545,455","3,545,455","3,545,455",주식회사 텔레앤테크,주식회사 한국클라우드,,,194820000,"193,949,253",,,100%,0.40%,,,,,,,,,
2024-01-01 00:00:00,창업진흥원,창업기업확인서 발급 콜센터 위탁운영,11,11,11,22.0,"1,050,000,000","47,727,273","4,338,843","4,338,843","4,338,843","4,338,843",엘비유세스 주식회사,주식회사 브랜드콘텐츠,주식회사 콜포유,(주) 월앤비전,966827400,,1049771805,,92%,100.00%,,,,,,,,,
2024-01-01 00:00:00,한국농수산식품유통공사,"농식품바우처 및 우유바우처 고객지원센터,운영용역 ",3,5,4,12.0,"160,000,000","13,333,333","4,444,444","2,666,667","3,555,556","3,333,333",(주)유원커리어센터,주식회사 블루데이타시스템즈,주식회사 코리아플러스파워,주식회사 텔레앤테크,147230000,154000000,155806200,159086550,92%,-4.60%,참여 업체수 8건,,,,,,,,
2024-01-01 00:00:00,한국문화재재단,2024년 궁능활용프로그램 콜센터 위탁 운영,2,4,3,9.0,"76,000,000","8,444,444","4,222,222","2,111,111","3,166,667","2,814,815",주식회사 텔레앤테크,주식회사 온오프믹스,주식회사 브랜드콘텐츠,주식회사 콜포유,75023400,75000000,68400000,75853800,99%,0.00%,참여 업체수 5건,,,,,,,,
2024-01-01 00:00:00,한국사회보장정보원,2024년 중앙모니터링센터 및 첫만남이용권 이용활성화 상담운영 위탁,13,13,13,9.0,"357,136,000","39,681,778","3,052,444","3,052,444","3,052,444","3,052,444",,,,,,,,,0%,#DIV/0!,단일응찰,,,,,,,,
2024-01-01 00:00:00,한국환경공단,2024년 순환경제성과관리 고객지원 콜센터 위탁운영,4,4,4,12.0,"138,505,000","11,542,083","2,885,521","2,885,521","2,885,521","2,885,521",(주)동신비티엠,유한회사 승환,싱크,(주)동해에스엔씨,119015890,119016360,"119,026,630",119028660,86%,0.00%,참여 업체수 450건,,,,,,,,
2024-02-01 00:00:00,경기교통공사,2024년 경기도 광역이동지원센터 콜센터 운영 용역,48,48,48,10.0,"2,150,538,000","215,053,800","4,480,288","4,480,288","4,480,288","4,480,288",해오름마리나 주식회사,주식회사 한국클라우드,(주)동우유니온,주식회사 뉴스타,1885537950,"1,886,688,815",1887366283,1887366283,88%,-0.10%,참여 업체수 50건,,,,,,,,
2024-02-01 00:00:00,국가평생교육진흥원,2024년 평생교육바우처 상담콜센터 위탁 운영,6,14,10,12.0,"438,500,000","36,541,667","6,090,278","2,610,119","4,350,198","3,654,167",엘비유세스 주식회사,주식회사 한국클라우드,(주)윌앤비전,주식회사 콜포유,436665900,"431,204,520",436191800,438402999,100%,1.30%,,,,,,,,,
2024-02-01 00:00:00,국민건강보험공단,국민건강보험공단 본부 고객센터 위탁 운영,213,213,213,24.0,"18,798,664,320","783,277,680","3,677,360","3,677,360","3,677,360","3,677,360",주식회사 케이티아이에스,주식회사 케이에스한국고용정보,주식회사 그린씨에스,,"3,343,055",,,,0%,100.00%,,,,,,,,,
2024-02-01 00:00:00,국민건강보험공단,국민건강보험공단 지역본부 고객센터 위탁 운영,"1,420.00","1,420.00","1,420.00",24.0,"125,324,428,800","5,221,851,200","3,677,360","3,677,360","3,677,360","3,677,360",효성아이티엑스 주식회사,(주)한국고용정보,주식회사 제이앤비컨설팅,주식회사 제니엘,"3,343,055",,,,0%,100.00%,참여 업체수 15건,,,,,,,,
2024-02-01 00:00:00,국세청 국세상담센터,2024년 종합소득세 홈택스 임시상담 위탁운영,115,115,115,2.9,"431,457,000","148,778,276","1,293,724","1,293,724","1,293,724","1,293,724",,,,,,,,,0%,#DIV/0!,단일응찰,,,,,,,,
2024-02-01 00:00:00,국세청 국세상담센터,2024년 종합소득세 세법상담 위탁운영,80,80,80,2.8,"333,800,000","119,214,286","1,490,179","1,490,179","1,490,179","1,490,179",,,,,,,,,0%,#DIV/0!,단일응찰,,,,,,,,
2024-02-01 00:00:00,대검찰청,1301검찰콜센터 상담인력 위탁용역 사업,8,8,8,12.0,"327,000,000","27,250,000","3,406,250","3,406,250","3,406,250","3,406,250",엘비유세스 주식회사,주식회사 엠피씨플러스,,,326515200,"326,805,600",,,100%,-0.10%,,,,,,,,,
2024-02-01 00:00:00,사단법인 굿네이버스 인터내셔날,2024년 굿네이버스 콜센터 운영,5,5,5,11.0,"200,000,000","18,181,818","3,636,364","3,636,364","3,636,364","3,636,364",주식회사 에스이커머스,(주)리서치랩,주식회사 한국클라우드,,"181,818,182",,,,91%,100.00%,,,,,,,,,
2024-02-01 00:00:00,사회복지법인 밀알복지재단,밀알복지재단 후원회원 인아웃바운드 통합콜센터 운영 용역 입찰공고,7,7,7,12.0,"300,000,000","25,000,000","3,571,429","3,571,429","3,571,429","3,571,429",,,,,,,,,0%,#DIV/0!,단독응찰,,,,,,,,
2024-02-01 00:00:00,서울특별시,2024년 미래청년기획단 생활지원사업 콜센터 운영 용역,4,11,7.5,11.0,"236,884,000","21,534,909","5,383,727","1,957,719","3,670,723","2,871,321",주식회사 콜포유,주식회사 브랜드콘텐츠,,,"236,563,800",213190000,,,100%,9.90%,,,,,,,,,
2024-02-01 00:00:00,재단법인서울문화재단,2024년 서울청년문화패스 콜센터 대행용역,3,4,3.5,11.0,"120,520,000","10,956,364","3,652,121","2,739,091","3,195,606","3,130,390",주식회사 콜포유,주식회사 브랜드콘텐츠,주식회사 라이온코리아,,120018800,108468000,108468000,,100%,9.60%,,,,,,,,,
2024-02-01 00:00:00,제주특별자치도개발공사,제주특별자치도개발공사 고객서비스센터 위탁운영 용역,5,5,5,12.0,"338,260,000","28,188,333","5,637,667","5,637,667","5,637,667","5,637,667",효성아이티엑스 주식회사,(주)케이티씨에스,주식회사 콜포유,,"307,509,091",,,,91%,100.00%,,,,,,,,,
2024-02-01 00:00:00,중소벤처기업진흥공단,비은행권 소상공인· 자영업자 금융비용 지원 고객센터 민간위탁 운영 용역,13,13,13,11.0,"549,230,518","49,930,047","3,840,773","3,840,773","3,840,773","3,840,773",(주)케이티씨에스,주식회사 트랜스코스모스코리아,주식회사 엠피씨플러스,엠지신용정보 주식회사,542873340,497037704,"522,205,200",543080000,99%,8.40%,참여 업체수 6건,,,,,,,,
2024-02-01 00:00:00,지티엑스에이운영주식회사,지티엑스에이(GTX-A) 콜센터 위탁운영,4,4,4,12.0,"206,040,000","17,170,000","4,292,500","4,292,500","4,292,500","4,292,500",주식회사 트랜스코스모스코리아,주식회사 휴넥트,주식회사 코리아플러스파워,주식회사 비즈니스클럽,192445880,178739532,181434000,,93%,7.10%,참여 업체수 17건,,,,,,,,
2024-02-01 00:00:00,한국무역보험공사,한국무역보험공사 2024년 고객센터 위탁운영사 선정,10,10,10,24.0,"870,000,000","36,250,000","3,625,000","3,625,000","3,625,000","3,625,000",주식회사 휴넥트,주식회사 제니엘,주식회사 엠피씨플러스,주식회사 메타엠,"790,909,091","790,909,091","790,909,091","790,909,091",91%,0.00%,참여 업체수 7건,,,,,,,,
2024-02-01 00:00:00,한국문화예술위원회,국가문화예술지원시스템 고객센터 위탁운영,3,5,4,11.0,"123,984,000","11,271,273","3,757,091","2,254,255","3,005,673","2,817,818",,,,,,,,,0%,#DIV/0!,단독응찰,,,,,,,,
2024-02-01 00:00:00,한국에너지공단,2024년 에너지바우처 콜센터 위탁운영 용역,15,15,15,12.0,"702,000,000","58,500,000","3,900,000","3,900,000","3,900,000","3,900,000",(주)아이앤씨에스,"주식회사 블루콘텐츠 (Blue Contents Co., Ltd.)",주식회사 웅진,,"687,960,000",631800000,689201117,,98%,8.20%,,,,,,,,,
2024-02-01 00:00:00,한국콘텐츠진흥원,2024콘텐츠민원상담창구운영 위탁용역,5,5,5,9.0,"160,329,000","17,814,333","3,562,867","3,562,867","3,562,867","3,562,867",주식회사 브랜드콘텐츠,주식회사 코리아플러스파워,,,"145,753,636","145,753,636",,,91%,0.00%,,,,,,,,,
2024-02-01 00:00:00,한국환경공단,층간소음 이웃사이서비스 콜센터 위탁운영,10,10,10,12.0,"550,000,000","45,833,333","4,583,333","4,583,333","4,583,333","4,583,333",(주)케이티씨에스,엘비유세스 주식회사,더화이트커뮤니케이션 주식회사,주식회사 한국클라우드,"485,522,400",474046320,492587260,528003760,88%,2.40%,참여 업체수 9건,,,,,,,,
2024-03-01 00:00:00,강원특별자치도 자치행정과,강원특별자치도 콜센터 민간위탁 운영사업자 모집 공고,9,9,9,31.0,"1,264,723,000","40,797,516","4,533,057","4,533,057","4,533,057","4,533,057",,,,,,,,,0%,#DIV/0!,개찰 내역 없음,,,,,,,,
2024-03-01 00:00:00,강원특별자치도 춘천시,춘천시 민원콜센터 운영 민간위탁 사업자 모집 공고,9,9,9,10.0,"908,000,000","90,800,000","10,088,889","10,088,889","10,088,889","10,088,889",,,,,,,,,0%,#DIV/0!,개찰 내역 없음,,,,,,,,
2024-03-01 00:00:00,광주광역시 도시공사,임대주택 콜센터 위탁관리 운영 용역(협상에 의한 계약),5,5,5,24.0,"627,727,320","26,155,305","5,231,061","5,231,061","5,231,061","5,231,061",,,,,,,,,0%,#DIV/0!,단독응찰로 인한 유찰,,,,,,,,
2024-03-01 00:00:00,농림수산식품교육문화정보원,2024년 청년농업인 및 농업법인 상담콜센터 운영,5,8,6.5,10.0,"244,360,000","24,436,000","4,887,200","3,054,500","3,970,850","3,759,385",주식회사 블루데이타시스템즈,주식회사 코리아플러스파워,엘비유세스 주식회사,주식회사 엠피씨플러스,242000000,"239,161,150",243567600,220540000,99%,1.20%,참여 업체수 7건,,,,,,,,
2024-03-01 00:00:00,대•중소기업 •농어업협력재단,2024년도 상생결제 콜센터 운영 용역,2,2,2,10.0,"90,000,000","9,000,000","4,500,000","4,500,000","4,500,000","4,500,000",,,,,,,,,0%,#DIV/0!,공고기관 직접 집행,,,,,,,,
2024-03-01 00:00:00,부산항만공사,2024년 체인포털 24시간 콜센터 및 시스템 운영 용역 ,26,26,26,6.0,"589,600,000","98,266,667","3,779,487","3,779,487","3,779,487","3,779,487",,,,,,,,,0%,#DIV/0!,단일응찰,,,,,,,,
2024-03-01 00:00:00,사단법인 보험개발원,재난안전의무보험 민원상담센터 운영 사업,2.5,2.5,2.5,12.0,"117,570,000","9,797,500","3,919,000","3,919,000","3,919,000","3,919,000",,,,,,,,,0%,#DIV/0!,공고기관 직접 집행,,,,,,,,
2024-03-01 00:00:00,소상공인시장진흥공단,2024년 중소유통 콜센터 위탁운영 용역,5,5,5,10.0,"249,950,000","24,995,000","4,999,000","4,999,000","4,999,000","4,999,000",주식회사 쏘프,주식회사 텔레앤테크,나이스신용정보 주식회사,주식회사 핑거프라임,247500000,239885360,240406690,234864000,99%,3.10%,,,,,,,,,
2024-03-01 00:00:00,재단법인 서울관광재단,2024 디스커버서울패스 고객센터 운영,6,59,32.5,10.0,"200,000,000","20,000,000","3,333,333","338,983","1,836,158","615,385",주식회사 라이온코리아,주식회사 프리미엄패스인터내셔널,,,"197,990,000",197200000,,,99%,0.40%,,,,,,,,,
2024-03-01 00:00:00,재단법인경기도일자리재단,2024년 경기도 청년 노동자 지원사업 콜센터 운영 용역,59,59,59,10.0,"2,549,790,000","254,979,000","4,321,678","4,321,678","4,321,678","4,321,678",(주)케이티씨에스,주식회사 메타엠,주식회사 콜포유,,"2,120,576,520","2,100,812,000","2,367,010,800",,83%,0.90%,,,,,,,,,
2024-03-01 00:00:00,재단법인충청남도일자리경제진흥원,2024년 농사랑 고객센터 운영 용역,1,1,1,9.0,"38,000,000","4,222,222","4,222,222","4,222,222","4,222,222","4,222,222",,,,,,,,,0%,#DIV/0!,무응찰,,,,,,,,
2024-03-01 00:00:00,한국가스안전공사,2024년 굴착공사정보지원센터 상담업무 위탁용역,30,30,30,24.0,"2,709,048,000","112,877,000","3,762,567","3,762,567","3,762,567","3,762,567",효성아이티엑스 주식회사,주식회사 케이티아이에스,주식회사 메타엠,주식회사 트랜스코스모스코리아,2661639660,2627809386,2577533200,2648006086,98%,1.30%,참여 업체수 6건,,,,,,,,
2024-03-01 00:00:00,한국농업기술진흥원,2024년 스마트농업 상담센터 위탁 운영,2,2,2,8.3,"90,000,000","10,843,373","5,421,687","5,421,687","5,421,687","5,421,687",주식회사 블루데이타시스템즈,주식회사 코리아플러스파워,주식회사 콜포유,주식회사 핑거프라임,88000000,87394797,89985989,80211200,98%,0.70%,,,,,,,,,
2024-03-01 00:00:00,한국부동산원,「2024년 국가 건물에너지 통합관리시스템 콜센터 운영 용역」,3,3,3,9.0,"114,200,000","12,688,889","4,229,630","4,229,630","4,229,630","4,229,630",,,,,,,,,0%,#DIV/0!,단독응찰,,,,,,,,
2024-03-01 00:00:00,한국사회적기업진흥원,2024년도 협동조합 유선상담 운영 용역,2,2,2,8.0,"40,000,000","5,000,000","2,500,000","2,500,000","2,500,000","2,500,000",쿱비즈 협동조합,로컬브릿지 사회경제연구원 사회적협동조합,,,38000000,40000000,,,95%,-5.30%,,,,,,,,,
2024-03-01 00:00:00,한국지방세연구원,2024년도 개인지방소득세 상담 콜센터 운영위탁 용역,48,48,48,1.3,"250,000,000","189,393,939","3,945,707","3,945,707","3,945,707","3,945,707",,,,,,,,,0%,#DIV/0!,1개업체 입찰,,,,,,,,
2024-04-01 00:00:00,(주)코스콤,2024년 코스콤 콜센터 운용도급,5,5,5,24.0,"468,380,000","19,515,833","3,903,167","3,903,167","3,903,167","3,903,167",,,,,,,,,0%,#DIV/0!,단독응찰,,,,,,,,
2024-04-01 00:00:00,경기도 안성시,안성시 민원상담콜센터 운영 민간위탁 용역,7,7,7,24.0,"654,669,000","27,277,875","3,896,839","3,896,839","3,896,839","3,896,839",(주)케이티씨에스,주식회사 케이티아이에스,효성아이티엑스 주식회사,엠지신용정보 주식회사,"619,615,312",652684440,639136801,622505300,95%,-5.30%,,,,,,,,,
2024-04-01 00:00:00,경기주택도시공사,경기도 전세피해 고객지원센터 운영 용역,4,4,4,8.0,"150,013,000","18,751,625","4,687,906","4,687,906","4,687,906","4,687,906",주식회사 티에이치서비스,주식회사 홍조,포에스,주식회사 이사박사코리아,131805200,131805290,131813060,"131,820,690",88%,0.00%,참여 업체수 327건,,,,,,,,
2024-04-01 00:00:00,교육부 국립특수교육원 총무과,2024년 장애인 평생교육이용권 상담콜센터 위탁 운영,4,4,4,0.2,"200,000,000","1,000,000,000","250,000,000","250,000,000","250,000,000","250,000,000",주식회사 한국클라우드,(주)리서치랩,,,193346494,192051000,,,97%,0.70%,,,,,,,,,
2024-04-01 00:00:00,대검찰청,2024년 검찰 IT지원센터 위탁운영 사업,3,3,3,12.0,"126,000,000","10,500,000","3,500,000","3,500,000","3,500,000","3,500,000",,,,,,,,,0%,#DIV/0!,단일응찰,,,,,,,,
2024-04-01 00:00:00,대구공공시설관리공단,2024년도 나드리콜 고객만족 (Happy-Call)조사 용역,2,2,2,8.0,"33,000,000","4,114,713","2,057,357","2,057,357","2,057,357","2,057,357",네오티시스,주식회사 대능,주식회사 대경리서치,케이피오 주식회사,28862690,28894760,28926000,28939000,87%,-0.10%,참여 업체수 18건,,,,,,,,
2024-04-01 00:00:00,전북대학교병원,전북대학교병원 콜센터 민간 위탁운영 사업,21,21,21,42.0,"972,000,000","23,142,857","1,102,041","1,102,041","1,102,041","1,102,041",,,,,,,,,0%,#DIV/0!,단독응찰,,,,,,,,
2024-04-01 00:00:00,중소기업은행,IBK고객센터 전화상담업무 위탁운영 협력기업 선정 추진(아웃바운드),50,60,55,24.0,"3,861,400,000","160,891,667","3,217,833","2,681,528","2,949,681","2,925,303",(주)윌앤비전,고려휴먼스(주),에프앤유신용정보 주식회사,효성아이티엑스 주식회사,"3,510,363,636",,,,91%,100.00%,참여 업체수 6건,,,,,,,,
2024-04-01 00:00:00,중소벤처기업진흥공단,2024년 수출바우처 민원안내센터 민간위탁운영 용역,7,7,7,12.0,"458,591,328","38,215,944","5,459,421","5,459,421","5,459,421","5,459,421",(주)케이티씨에스,(주)유원커리어센터,,,451689330,395400000,,,98%,12.50%,,,,,,,,,
2024-04-01 00:00:00,한국소방안전원,한국소방안전원 콜센터 위탁운영 용역,15,15,15,12.0,"632,571,000","52,714,250","3,514,283","3,514,283","3,514,283","3,514,283",주식회사 한국클라우드,이케이맨파워 주식회사,주식회사 가겐투안,주식회사 인사이드잡,555183611,555574000,556631000,"558,103,900",88%,-0.10%,참여 업체수 12건,,,,,,,,
2024-04-01 00:00:00,한국에너지공단,2024년 에너지절약계획서 통합 콜센터 위탁 운영,3,4,3.5,0.1,"150,000,000","1,500,000,000","500,000,000","375,000,000","437,500,000","428,571,429",,,,,,,,,0%,#DIV/0!,단독응찰,,,,,,,,
2024-04-01 00:00:00,한국에너지공단,2024년 제로에너지건축물 인증 콜센터 위탁 운영,1,2,1.5,7.6,"85,000,000","11,184,211","11,184,211","5,592,105","8,388,158","7,456,140",(주)아이앤씨에스,주식회사 콜포유,(주)제이에스비엠디,,83300000,84678000,84500000,,98%,-1.70%,공고기관 직접 집행,,,,,,,,
2024-05-01 00:00:00,경기도 화성시,『화성시 콜센터』 운영 민간위탁,28,28,28,24.0,"2,995,530,000","124,813,750","4,457,634","4,457,634","4,457,634","4,457,634",,,,,,,,,0%,#DIV/0!,,,,,,,,,
2024-05-01 00:00:00,사단법인 한국포도협회,포도의무자조금 회원정보 관리 및 상담센터 운영 대행업체 선정,3,3,3,6.0,"60,000,000","10,000,000","3,333,333","3,333,333","3,333,333","3,333,333",(주)큐앤에이네트웍스,주식회사 콜포유,주식회사 비에이치소프트,주식회사 코리아플러스파워,55280000,59914800,56000000,"58,685,418",92%,-8.40%,공고기관 직접 집행,,,,,,,,
2024-05-01 00:00:00,제주관광공사,제주관광정보센터 운영 관리 및 시스템 ASP,14,14,14,24.0,"1,585,520,000","66,063,333","4,718,810","4,718,810","4,718,810","4,718,810",,,,,,,,,0%,#DIV/0!,,,,,,,,,
2024-05-01 00:00:00,한국교육학술정보원,2024년~2025년 국립대학자원관리시스템(KORUS) 전화상담센터 운영,15,15,15,22.0,"1,374,657,000","62,484,409","4,165,627","4,165,627","4,165,627","4,165,627",(주)케이티씨에스,효성아이티엑스 주식회사,주식회사 한국클라우드,,1366055900,1338066400,"1,348,074,043",,99%,2.00%,,,,,,,,,
2024-05-01 00:00:00,한국산업기술기획평가원,KEIT R&D 상담콜센터 위탁운영 용역,5,5,5,36.0,"960,000,000","26,666,667","5,333,333","5,333,333","5,333,333","5,333,333",주식회사 한국클라우드,엘비유세스 주식회사,주식회사 제니엘,주식회사 트랜스코스모스코리아,"903,989,020",905533200,"805,000,000",871551460,94%,-0.20%,참여 업체수 9,,,,,,,,
2024-05-01 00:00:00,한국임업진흥원,2024년 합법목재 수입신고 민원통합센터 운영 및 고객분석,4,4,4,6.8,"100,000,000","14,705,882","3,676,471","3,676,471","3,676,471","3,676,471",주식회사 올마이티아이엔씨,(주)큐앤에이네트웍스,주식회사 코리아플러스파워,,91509000,92720000,96675814,,92%,-1.30%,,,,,,,,,
2024-05-01 00:00:00,한국지역정보개발원,지방세정보시스템(위택스) 상담콜센터,90,90,90,3.0,"565,273,573","188,424,524","2,093,606","2,093,606","2,093,606","2,093,606",(주)한국고용정보,주식회사 메타엠,(주)아데코코리아,,396942037,440913387,544994010,,70%,-11.10%,,,,,,,,,
2024-06-01 00:00:00,대한적십자사 혈액관리본부,대한적십자사 혈액관리본부 CRM 콜센터 위탁운영 용역,31,31,31,24.0,"2,650,000,000","110,416,667","3,561,828","3,561,828","3,561,828","3,561,828",(주)케이티씨에스,주식회사 휴넥트,주식회사 엠피씨플러스,엘비유세스 주식회사,2458261612,2499864973,2471700000,2552873400,93%,-1.70%,참여 업체수 7,,,,,,,,
2024-06-01 00:00:00,마스타자동차관리(주),초소형전기차 긴급출동서비스(ERS) 기반의 콜센터 운영 용역,3,3,3,5.7,"55,000,000","9,649,123","3,216,374","3,216,374","3,216,374","3,216,374",,,,,,,,,0%,#DIV/0!,공고기관 직접 집행,,,,,,,,
2024-06-01 00:00:00,중소기업은행 ,IBK기업은행 카드마케팅 TM업무 외부용역 수탁기업 선정(A기업),57,57,57,24.0,"4,495,693,968","187,320,582","3,286,326","3,286,326","3,286,326","3,286,326",,,,,,,,,0%,#DIV/0!,공고기관 직접 집행,,,,,,,,
2024-06-01 00:00:00,중소기업은행 ,IBK기업은행 카드마케팅 TM업무 외부용역 수탁기업 선정(B기업),44,44,44,24.0,"3,470,360,256","144,598,344","3,286,326","3,286,326","3,286,326","3,286,326",,,,,,,,,0%,#DIV/0!,공고기관 직접 집행,,,,,,,,
2024-06-01 00:00:00,축산물 품질평가원,2024년 스마트축산 콜센터 2차 위탁운영 용역,2,2,2,5.6,"68,950,000","12,312,500","6,156,250","6,156,250","6,156,250","6,156,250",주식회사 블루데이타시스템즈,(주)큐앤에이네트웍스,주식회사 콜포유,주식회사컴플리트,"62,681,818",,,,91%,100.00%,,,,,,,,,
2024-06-01 00:00:00,충청남도 논산시,논산시 민원콜센터 민간위탁 운영 수탁기관 모집 공고,5,5,5,28.0,"753,989,000","26,928,179","5,385,636","5,385,636","5,385,636","5,385,636",,,,,,,,,0%,#DIV/0!,단독응찰,,,,,,,,
2024-06-01 00:00:00,통계청,2024가구주택기초조사 본조사 및 2025 인구주택총조사:농림어업조사 시범예행조사 080 콜센터 위탁사업,60,60,60,5.8,"320,640,000","55,282,759","921,379","921,379","921,379","921,379",,,,,,,,,0%,#DIV/0!,단일응찰,,,,,,,,
2024-06-01 00:00:00,한국보건복지인재원,2024년 한국보건복지인재원 콜센터 위탁,12,12,12,4.8,"259,000,000","53,958,333","4,496,528","4,496,528","4,496,528","4,496,528",주식회사 케이티아이에스,주식회사 트랜스코스모스코리아,주식회사 한국클라우드,엘비유세스 주식회사,242328770,244999700,246145820,"248,101,150",94%,-1.10%,참여 업체수 9건,,,,,,,,
2024-06-01 00:00:00,한국서부발전주식회사,KOWEPO 신재생 고객지원센터 민간위탁,5,5,5,24.0,"418,627,436","17,442,810","3,488,562","3,488,562","3,488,562","3,488,562",,,,,,,,,0%,#DIV/0!,개찰내역없음,,,,,,,,
2024-07-01 00:00:00,경기교통공사,경기도 어린이청소년교통비 지원사업 콜센터 운영 용역,7,7,7,5.0,"131,651,000","26,330,200","3,761,457","3,761,457","3,761,457","3,761,457",정연티에스,위더스HR컨설팅,주식회사 고주몽,대성환경개발,114915690,114943570,114987010,114991444,87%,0.00%,참여 업체수 211건,,,,,,,,
2024-07-01 00:00:00,국가평생교육진흥원,2024년 온국민평생배움터 통합 상담콜센터 위탁 운영,2,2,2,6.0,"50,000,000","8,333,333","4,166,667","4,166,667","4,166,667","4,166,667",주식회사 코리아플러스파워,주식회사 콜포유,주식회사 텔레앤테크,주식회사컴플리트,"48,501,838",49964472,48447040,"46,871,000",97%,-3.00%,,,,,,,,,
2024-07-01 00:00:00,마스타자동차관리(주),PM 컨택센터 운영 및 서비스 분석 용역 ,3,3,3,5.1,"55,000,000","10,784,314","3,594,771","3,594,771","3,594,771","3,594,771",,,,,,,,,0%,#DIV/0!,공고기관 직접 집행,,,,,,,,
2024-07-01 00:00:00,사단법인 보험개발원,실손보험 청구 전산화 시스템 콜센터 운영 용역,61,61,61,12.0,"2,960,000,000","246,666,667","4,043,716","4,043,716","4,043,716","4,043,716",,,,,,,,,0%,#DIV/0!,공고기관 직접 집행,,,,,,,,
2024-07-01 00:00:00,서민금융진흥원,1397 서민금융콜센터 추가 위탁 운영,48,48,48,5.0,"936,776,550","187,355,310","3,903,236","3,903,236","3,903,236","3,903,236",엠지신용정보 주식회사,나이스신용정보 주식회사,고려신용정보주식회사,,"851,615,045",,,,91%,100.00%,,,,,,,,,
2024-07-01 00:00:00,소상공인시장진흥공단,소상공인 전기요금 특별지원 콜센터 위탁운영 용역,59,59,59,4.8,"1,060,000,000","220,833,333","3,742,938","3,742,938","3,742,938","3,742,938",(주)케이티씨에스,주식회사 콜포유,,,1050000000,"1,059,926,290",,,99%,-0.90%,,,,,,,,,
2024-07-01 00:00:00,전국재해구호협회,희망브리지 후원상담센터 대행 업체 선정,2,2,2,12.0,"89,500,000","7,458,333","3,729,167","3,729,167","3,729,167","3,729,167",,,,,,,,,0%,#DIV/0!,공고기관 직접 집행,,,,,,,,
2024-08-01 00:00:00,(주)한국거래소,KRX 고객상담센터 위탁운영 용역,6,6,6,24.0,"747,912,000","31,163,000","5,193,833","5,193,833","5,193,833","5,193,833",주식회사 케이에스한국고용정보,주식회사 메타엠,주식회사 트랜스코스모스코리아,고려신용정보주식회사,744600000,632277624,"732,949,604",731148000,100%,15.10%,참여 업체수 6건,,,,,,,,
2024-08-01 00:00:00,근로복지공단본부,24년 퇴직연금 전담콜센터 상담 용역(하반기),7,7,7,3.0,"40,000,000","13,333,333","1,904,762","1,904,762","1,904,762","1,904,762",주식회사 콜포유,주식회사컴플리트,주식회사 텔레앤테크,,39992693,38962000,39936621,,100%,2.60%,,,,,,,,,
2024-08-01 00:00:00,주택도시보증공사,24년 콜센터 민간위탁,108,108,108,24.0,"11,013,700,314","458,904,180","4,249,113","4,249,113","4,249,113","4,249,113",(주)케이티씨에스,효성아이티엑스 주식회사,주식회사 트랜스코스모스코리아,,10622523758,"10,226,040,000",10547486400,,96%,3.70%,,,,,,,,,
2024-08-01 00:00:00,중소기업은행,[IT상담센터 전화상담업무] 위탁 운영,40,40,40,24.0,"3,693,752,000","153,906,333","3,847,658","3,847,658","3,847,658","3,847,658",,,,,,,,,0%,#DIV/0!,공고기관 직접 집행,,,,,,,,
2024-08-01 00:00:00,한국환경공단,2024년 폐기물처리 현장정보 고객지원 콜센터 위탁운영,8,8,8,3.3,"118,229,000","35,826,970","4,478,371","4,478,371","4,478,371","4,478,371",주식회사 비디에스종합관리,황태양 주식회사,주식회사 한국인적자원관리원,(주)잡스랩,100186480,100192500,100192773,100194000,85%,0.00%,참여 업체수 302건,,,,,,,,
2024-09-01 00:00:00,과학기술정보통신부 우정사업본부 우정사업조달센터,우체국보험 계약적부조사(전화적부) 업무위탁 용역,12,12,12,12.0,"517,000,000","43,083,333","3,590,278","3,590,278","3,590,278","3,590,278",주식회사 케이티아이에스,주식회사 엠피씨플러스,,,2056952976,1989587520,,,398%,3.30%,단독응찰,,,,,,,,
2024-09-01 00:00:00,국세청 국세상담센터,2025년 세법상담 위탁운영,265,265,265,7.5,"899,145,000","119,886,000","452,400","452,400","452,400","452,400",주식회사 제니엘,주식회사 엠피씨플러스,,,898707000,"884,111,100",,,100%,1.60%,,,,,,,,,
2024-09-01 00:00:00,서울신용보증재단,서울신용보증재단 고객센터 업무 용역,19,19,19,24.0,"2,166,928,000","90,288,667","4,752,035","4,752,035","4,752,035","4,752,035",주식회사 케이티아이에스,주식회사 엠피씨플러스,,,2056952976,1989587520,,,95%,3.30%,,,,,,,,,
2024-09-01 00:00:00,수협중앙회,수협공제 고객지원센터 위탁운영 계약,23,23,23,36.0,"3,300,000,000","91,666,667","3,985,507","3,985,507","3,985,507","3,985,507",,,,,,,,,0%,#DIV/0!,공고기관 직접 집행,,,,,,,,
2024-09-01 00:00:00,인천광역시교육청,2025년 지능형 나이스 상담센터 위탁 운영 용역,6,6,6,12.0,"289,152,000","24,096,000","4,016,000","4,016,000","4,016,000","4,016,000",주식회사 케이티아이에스,주식회사 텔레앤테크,주식회사 엠피씨플러스,,285325260,286495880,280117200,,99%,-0.40%,,,,,,,,,
2024-09-01 00:00:00,전북특별자치도 전주시,전주시 민원콜센터(천년전주 콜센터) 민간위탁 사업자 모집공고,12,12,12,36.0,"2,105,180,630","58,477,240","4,873,103","4,873,103","4,873,103","4,873,103",,,,,,,,,0%,#DIV/0!,개찰내역없음,,,,,,,,
2024-09-01 00:00:00,충청남도 천안시 ,천안시 콜센터 민간위탁사업자 모집 공고,15,15,15,24.0,"1,967,424,000","81,976,000","5,465,067","5,465,067","5,465,067","5,465,067",,,,,,,,,0%,#DIV/0!,투찰업체 1개사,,,,,,,,
2024-09-01 00:00:00,한국교육학술정보원,0079에듀콜센터 위탁운영,686,637,661.5,24.0,"6,670,000,000","277,916,667","405,126","436,290","420,708","420,131",효성아이티엑스 주식회사,(주)케이티씨에스,주식회사 케이티아이에스,주식회사 케이티아이에스,6403255268,6664545725,6315113889,6219906000,96%,-4.10%,,,,,,,,,
2024-09-01 00:00:00,한국언론진흥재단,2024년 4분기 정부광고 콜센터 운영 위탁,6,6,6,3.4,"60,000,000","17,647,059","2,941,176","2,941,176","2,941,176","2,941,176",주식회사 핑거프라임,주식회사 콜포유,주식회사컴플리트,,56034000,59836491,59869705,,93%,-6.80%,,,,,,,,,
2024-10-01 00:00:00,경기도 광주시,광주시 민원상담콜센터 운영 민간위탁,13,13,13,36.0,"2,073,036,000","57,584,333","4,429,564","4,429,564","4,429,564","4,429,564",,,,,,,,,0%,#DIV/0!,공고기관 직접 진행,,,,,,,,
2024-10-01 00:00:00,관세청,2025년도 관세청 고객지원센터 전화상담 업무 민간위탁 용역,24,24,24,12.0,"940,000,000","78,333,333","3,263,889","3,263,889","3,263,889","3,263,889",주식회사 휴넥트,(주)케이티씨에스,,,888090852,939289109,,,94%,-5.80%,,,,,,,,,
2024-10-01 00:00:00,교육부 국립특수교육원 총무과,2025년 장애인 평생교육이용권 상담콜센터 위탁 운영,3.5,3.5,3.5,12.0,"172,000,000","14,333,333","4,095,238","4,095,238","4,095,238","4,095,238",주식회사 한국클라우드,(주)큐앤에이네트웍스,주식회사 콜포유,,171620255,160120000,,,100%,6.70%,,,,,,,,,
2024-10-01 00:00:00,국가평생교육진흥원,2025년 한국형 온라인 공개강좌(K-MOOC) 상담콜센터 위탁 운영,3,3,3,24.0,"260,000,000","10,833,333","3,611,111","3,611,111","3,611,111","3,611,111",주식회사 엠피씨플러스,(주)윌앤비전,	주식회사 텔레앤테크,주식회사 콜포유,255576000,259987200,258156630,259889448,98%,-1.70%,,,,,,,,,
2024-10-01 00:00:00,국민권익위원회,2025년 국민소통시스템 운영 및 HelpDesk 위탁운영,8,8,8,12.0,"2,583,000,000","215,250,000","26,906,250","26,906,250","26,906,250","26,906,250",,,,,,,,,0%,#DIV/0!,단일응찰,,,,,,,,
2024-10-01 00:00:00,국세청,2025년 근로장려금 상담센터 위탁운영 용역,8,291,149.5,12.0,"1,998,000,000","166,500,000","20,812,500","572,165","10,692,332","1,113,712",쉬프트정보통신 주식회사,주식회사 하이엔에스,주식회사 엠피씨플러스,,1988010000,1898000000,1970581270,,100%,4.50%,,,,,,,,,
2024-10-01 00:00:00,국세청 국세상담센터,2025년~2026년 홈택스 상담 위탁운영,167,200,183.5,24.0,"15,182,728,000","632,613,667","3,788,106","3,163,068","3,475,587","3,447,486",(주)케이티씨에스,주식회사 엠피씨플러스,,,15181554403,14652172500,,,100%,3.50%,,,,,,,,,
2024-10-01 00:00:00,국토안전관리원,2025년 국토안전 통합 콜센터 위탁 용역,19,19,19,12.0,"958,000,000","79,833,333","4,201,754","4,201,754","4,201,754","4,201,754",주식회사 한국클라우드,(주)케이티씨에스,,,915989282,957774796,,,96%,-4.60%,,,,,,,,,
2024-10-01 00:00:00,대법원,2025년 가족콜센터 및 사용자지원센터 운영사업,30,30,30,12.0,"1,300,000,000","108,333,333","3,611,111","3,611,111","3,611,111","3,611,111",,,,,,,,,0%,#DIV/0!,단일응찰,,,,,,,,
2024-10-01 00:00:00,대법원,2025년 사용자지원센터 및 등기콜센터 운영 사업,90,90,90,12.0,"4,068,000,000","339,000,000","3,766,667","3,766,667","3,766,667","3,766,667",엘비유세스 주식회사,주식회사 케이티아이에스,효성아이티엑스 주식회사,주식회사 엠피씨플러스,3930509880,4066503270,3998837040,3945361200,97%,-3.50%,,,,,,,,,
2024-10-01 00:00:00,대한적십자사,대한적십자사 본사 CRM센터 위탁 운영 용역,29,29,29,24.0,"2,640,000,000","110,000,000","3,793,103","3,793,103","3,793,103","3,793,103",주식회사 케이티아이에스,,,,2579390880,,,,98%,100.00%,,,,,,,,,
2024-10-01 00:00:00,사단법인 한국정보통신진흥협회,2025년 이동통신 판매점 신분증 스캐너 헬프데스크 운영,8,8,8,12.0,"400,000,000","33,333,333","4,166,667","4,166,667","4,166,667","4,166,667",보임테크놀러지(주),주식회사 텔레앤테크,,,399960000,396665500,,,100%,0.80%,,,,,,,,,
2024-10-01 00:00:00,서울교통공사,서울교통공사 고객센터 위탁용역 ,28,28,28,24.0,"3,493,705,826","145,571,076","5,198,967","5,198,967","5,198,967","5,198,967",(주)유베이스,주식회사 트랜스코스모스코리아,(주)케이티씨에스,주식회사 유안에이치알,3168727320,3199560000,3493372000,3208332366,91%,-1.00%,,,,,,,,,
2024-10-01 00:00:00,세종특별자치시,세종특별자치시 민원콜센터 민간위탁 운영 용역,12.0,12.0,12.0,24.0,"1,577,284,000","65,720,167","5,476,681","5,476,681","5,476,681","5,476,681",(주)케이티씨에스,,,,1568562000,,,,99%,100.0%,,,,,,,,,
2024-10-01 00:00:00,세종특별자치시교육청교육원,2025년 세종특별자치시교육청 나이스(NEIS)상담센터 운영 용역,4.0,4.0,4.0,12.0,"148,248,000","12,354,000","3,088,500","3,088,500","3,088,500","3,088,500",,,,,,,,,0%,#DIV/0!,단일 응찰,,,,,,,,
2024-10-01 00:00:00,식품의약품안전처,2025~ 2026년 정보화도움터(콜센터) 위탁운영,8,8,8,24.0,"848,000,000","35,333,333","4,416,667","4,416,667","4,416,667","4,416,667",,,,,,,,,0%,#DIV/0!,공고기관 직접 집행,,,,,,,,
2024-10-01 00:00:00,신용회복위원회,신용회복위원회 콜센터 운영위탁 용역,182,182,182,24.0,"9,095,000,000","378,958,333","2,082,189","2,082,189","2,082,189","2,082,189",(주)케이티씨에스,효성아이티엑스 주식회사,,,"8,268,181,818",,,,91%,100.00%,단일응찰,,,,,,,,
2024-10-01 00:00:00,주식회사 브이투브이,인천광역시 소상공인 공동물류센터 민간위탁 운영사업 고객센터 업무용역,4,4,4,14.0,"174,401,864","12,457,276","3,114,319","3,114,319","3,114,319","3,114,319",,,,,,,,,0%,#DIV/0!,개찰내역없음,,,,,,,,
2024-10-01 00:00:00,중소기업은행,IBK고객센터 전화상담업무(멀티상담1) 위탁운영 협력기업 선정 추진,90,100,95,24.0,"7,524,400,000","313,516,667","3,483,519","3,135,167","3,309,343","3,300,175",고려휴먼스(주),주식회사 메타엠,,,"6,840,363,636",,,,91%,100.00%,,,,,,,,,
2024-10-01 00:00:00,중소기업은행,IBK고객센터 전화상담업무(멀티상담2) 위탁운영 협력기업 선정 추진,80,90,85,24.0,"6,671,800,000","277,991,667","3,474,896","3,088,796","3,281,846","3,270,490",주식회사 제이앤비컨설팅,고려휴먼스(주),(주)에이치엔씨네트워크,,"6,065,272,727",,,,91%,100.00%,,,,,,,,,
2024-10-01 00:00:00,중소기업은행,IBK고객센터 전화상담업무(멀티상담3) 위탁운영 협력기업 선정 추진,80,90,85,24.0,"6,671,800,000","277,991,667","3,474,896","3,088,796","3,281,846","3,270,490",주식회사 메타엠,주식회사 트랜스코스모스코리아,주식회사 제이앤비컨설팅,에프앤유신용정보 주식회사,"6,065,272,727",,,,91%,100.00%,,,,,,,,,
2024-10-01 00:00:00,한국교육학술정보원,2025~2026년 교육행재정 통합 상담센터 위탁운영,"2,088.00","2,088.00","2,088.00",24.0,"20,499,984,000","854,166,000","409,083","409,083","409,083","409,083",효성아이티엑스 주식회사,(주)케이티씨에스,주식회사 메타엠,(주)유베이스,19852510455,20499984000,19679984640,18649131600,97%,-3.30%,,,,,,,,,
2024-10-01 00:00:00,한국사회보장정보원,2025~2026년 한국사회보장정보원 고객상담센터 일부 위탁 운영,83,83,83,24.0,"6,900,744,000","287,531,000","3,464,229","3,464,229","3,464,229","3,464,229",주식회사 한국클라우드,효성아이티엑스 주식회사,,,6866188824,6881490000,,,99%,-0.20%,,,,,,,,,
2024-10-01 00:00:00,한국에너지공단,2025년 신재생에너지콜센터 운영 위탁,13,13,13,12.0,"683,000,000","56,916,667","4,378,205","4,378,205","4,378,205","4,378,205","주식회사 블루콘텐츠 &#40;Blue Contents Co., Ltd.&#41;",(주)아이앤씨에스,주식회사 트랜스코스모스코리아,,615000000,655680000,645348000,,90%,-6.60%,,,,,,,,,
2024-10-01 00:00:00,한국원자력의학원,진료전화안내 운영 용역,9,9,9,12.0,"507,126,160","42,260,513","4,695,613","4,695,613","4,695,613","4,695,613",&#40;유&#41;금강종합산업,태경환경,영진기업,(주)동남이엔지,449898190,449909790,449923180,449925410,89%,0.00%,"참여 업체 수 1,566건",,,,,,,,
2024-10-01 00:00:00,한국환경공단,2024년 저공해차 의무구매 및 임차제 콜센터 운영,3,3,3,6.0,"60,000,000","10,000,000","3,333,333","3,333,333","3,333,333","3,333,333",창조기획주식회사,다알시스 주식회사,주식회사 워드캣,주식회사 콜포유,49534450,49545405,49553701,49554000,83%,0.00%,참여 업체수 64건,,,,,,,,
2024-11-01 00:00:00,(사)한국통신사업자연합회,KTOA 콜센터 상담원 인력파견 용역 입찰공고,0,0,0,24.0,1,0,0,0,0,0,,,,,,,,,0%,#DIV/0!,개찰내역없음,,,,,,,,
2024-11-01 00:00:00,(주)중소기업유통센터,2025년 공공구매 고객콜센터 위탁운영 용역,2,2,2,12.0,"105,576,970","8,798,081","4,399,040","4,399,040","4,399,040","4,399,040",주식회사 콜포유,주식회사 텔레앤테크,,,104834400,104245350,,,99%,0.60%,,,,,,,,,
2024-11-01 00:00:00,경기도 김포시,김포시 민원콜센터 상담용역,15,15,15,24.0,"1,586,083,000","66,086,792","4,405,786","4,405,786","4,405,786","4,405,786",,,,,,,,,0%,#DIV/0!,단일응찰에 의한 유찰,,,,,,,,
2024-11-01 00:00:00,고위공직자범죄수사처,2025 통합민원 콜센터 위탁운영 용역,3,3,3,12.0,"160,000,000","13,333,333","4,444,444","4,444,444","4,444,444","4,444,444",주식회사 코리아플러스파워,주식회사 텔레앤테크,주식회사 콜포유,,149035512,153190379,152741276,,93%,-2.80%,,,,,,,,,
2024-11-01 00:00:00,농림수산식품교육문화정보원,2025년 직불제 상담지원센터 위탁 운영,6,18,12,12.0,"329,365,000","27,447,083","4,574,514","1,524,838","3,049,676","2,287,257",(주)큐앤에이네트웍스,주식회사 블루데이타시스템즈,주식회사 콜포유,,325116000,"319,000,000",320469600,,99%,1.90%,,,,,,,,,
2024-11-01 00:00:00,사회복지법인어린이재단,초록우산 방송모금 전화응대 콜센터 운영 용역,12,12,12,12.0,"300,000,000","25,000,000","2,083,333","2,083,333","2,083,333","2,083,333",,,,,,,,,0%,#DIV/0!,단독응찰,,,,,,,,
2024-11-01 00:00:00,산림청 국립자연휴양림관리소,25년~26년 숲나들e 고객지원센터 위탁운영,12,12,12,24.0,"1,080,000,000","45,000,000","3,750,000","3,750,000","3,750,000","3,750,000",,,,,,,,,0%,#DIV/0!,단일응찰,,,,,,,,
2024-11-01 00:00:00,새마을금고중앙회,새마을금고 IT지원센터 2024년 운영업무 도급위탁,44,44,44,24.0,"6,600,000,000","275,000,000","6,250,000","6,250,000","6,250,000","6,250,000",,,,,,,,,0%,#DIV/0!,공고기관 직접 진행,,,,,,,,
2024-11-01 00:00:00,서울특별시,2025년 서울형 헬스케어 상담센터 운영 용역,20,20,20,12.0,"1,170,544,000","97,545,333","4,877,267","4,877,267","4,877,267","4,877,267",주식회사 케이티아이에스,주식회사 콜포유,,,1151904864,1169436426,,,98%,-1.50%,,,,,,,,,
2024-11-01 00:00:00,서울특별시 강남구,2025년 강남구청 인터넷 수능방송 콜센터 운영 용역,6,6,6,12.0,"297,132,000","24,761,000","4,126,833","4,126,833","4,126,833","4,126,833",주식회사 케이티아이에스,주식회사 텔레앤테크,,,296392000,289098480,,,100%,2.50%,,,,,,,,,
2024-11-01 00:00:00,아동권리보장원,2025년 자립준비청년 상담센터 및 후원자관리센터 위탁 운영,4,4,4,12.0,"150,000,000","12,500,000","3,125,000","3,125,000","3,125,000","3,125,000",주식회사 콜포유,주식회사 텔레앤테크,,,149351400,147335100,,,100%,1.40%,,,,,,,,,
2024-11-01 00:00:00,재단법인 부산경제진흥원,2025년 부산청년 자산형성지원 사업 콜센터 운영,3,8,5.5,12.0,"180,000,000","15,000,000","5,000,000","1,875,000","3,437,500","2,727,273",,,,,,,,,0%,#DIV/0!,무응찰,,,,,,,,
2024-11-01 00:00:00,재단법인 부산경제진흥원,2025년 부산 다자녀 교육지원포인트 사업 콜센터 운영,3,11,7,12.0,"213,000,000","17,750,000","5,916,667","1,613,636","3,765,152","2,535,714",,,,,,,,,0%,#DIV/0!,무응찰,,,,,,,,
2024-11-01 00:00:00,재단법인 부산경제진흥원,2025년 부산청년 자산형성지원 사업 콜센터 운영,3,8,5.5,12.0,"180,000,000","15,000,000","5,000,000","1,875,000","3,437,500","2,727,273",,,,,,,,,0%,#DIV/0!,무응찰,,,,,,,,
2024-11-01 00:00:00,재단법인 서울시복지재단,2025년 서울형 자산형성지원사업 콜센터 운영 용역,6,17,11.5,12.0,"450,580,000","37,548,333","6,258,056","2,208,725","4,233,391","3,265,072",주식회사 엠피씨플러스,주식회사 케이티아이에스,주식회사 콜포유,(주)유원커리어센터,449190000,446791432,406278400,449374000,100%,0.50%,,,,,,,,,
2024-11-01 00:00:00,재단법인 서울시복지재단,2025년 안심돌봄 120 콜센터 운영,5,5,5,12.0,"330,000,000","27,500,000","5,500,000","5,500,000","5,500,000","5,500,000",인트로맨(주),주식회사 한국클라우드,,,325308000,324607000,,,99%,0.20%,,,,,,,,,
2024-11-01 00:00:00,재단법인 한국자활복지개발원,자산형성지원 콜센터 위탁 운영,4,14,9,24.0,"620,000,000","25,833,333","6,458,333","1,845,238","4,151,786","2,870,370",주식회사 콜포유,(주)큐앤에이네트웍스,(주)케이티씨에스,(주)리서치랩,568062000,602840000,612380890,593614900,92%,-6.10%,참여 업체수 5건,,,,,,,,
2024-11-01 00:00:00,재단법인세종문화회관,세종문화회관 콜센터 위탁운영사 선정,4,4,4,24.0,"359,696,000","14,987,333","3,746,833","3,746,833","3,746,833","3,746,833",주식회사 엠피씨플러스,다알시스 주식회사,주식회사 콜포유,주식회사 휴먼플래너,315331201,315437536,315453392,315484720,88%,0.00%,참여 업체수 30건,,,,,,,,
2024-11-01 00:00:00,주식회사 에스알,2025년 SR고객센터 상담업무 위탁용역,20,42,31,36.0,"2,976,600,000","82,683,333","4,134,167","1,968,651","3,051,409","2,667,204",,,,,,,,,0%,#DIV/0!,개찰내역없음,,,,,,,,
2024-11-01 00:00:00,중소벤처기업진흥공단,2025년 정책자금 안내 콜센터 민간위탁 용역,12,12,12,12.0,"567,811,320","47,317,610","3,943,134","3,943,134","3,943,134","3,943,134",(주)윌앤비전,주식회사 콜포유,,,556885000,550882200,,,98%,1.10%,,,,,,,,,
2024-11-01 00:00:00,창업진흥원,온라인법인설립시스템 콜센터 위탁용역,7,7,7,24.0,"873,000,000","36,375,000","5,196,429","5,196,429","5,196,429","5,196,429",(주)에스아이시스템즈,(주)큐앤에이네트웍스,,,864000000,830540000,,,99%,3.90%,,,,,,,,,
2024-11-01 00:00:00,창원경상국립대학교병원,창원경상국립대학교병원 콜센터 운영 위탁용역 입찰공고,9,9,9,24.0,"369,911,637","15,412,985","1,712,554","1,712,554","1,712,554","1,712,554",인하대학교 산학협력단,주식회사 케이티아이에스,,,5751000000,5668987010,,,1555%,1.40%,,,,,,,,,
2024-11-01 00:00:00,한국건강증진개발원 ,금연상담전화 상담서비스 운영,35,35,35,36.0,"5,751,000,000","159,750,000","4,564,286","4,564,286","4,564,286","4,564,286",인하대학교 산학협력단,주식회사 케이티아이에스,,,5751000000,5668987010,,,100%,1.40%,,,,,,,,,
2024-11-01 00:00:00,한국교육학술정보원,AI 디지털교과서 콜센터 위탁운영,58,58,58,13.2,"6,500,000,000","492,424,242","8,490,073","8,490,073","8,490,073","8,490,073",효성아이티엑스 주식회사,(주)케이티씨에스,대성글로벌네트웍(주),주식회사 메타엠,6435090720,6493484084,5453184000,5453184000,99%,-0.90%,참여 업체수 6건,,,,,,,,
2024-11-01 00:00:00,한국교직원공제회,한국교직원공제회 보험콜센터(TM) 위탁운영 용역,70,70,70,36.0,"11,376,000,000","316,000,000","4,514,286","4,514,286","4,514,286","4,514,286",(주)한국고용정보,주식회사 휴넥트,주식회사 트랜스코스모스코리아,,10621414966,10693536480,,,93%,-0.70%,,,,,,,,,
2024-11-01 00:00:00,한국보건복지인재원,2025년 한국보건복지인재원 콜센터 위탁,8,8,8,9.0,"280,000,000","31,111,111","3,888,889","3,888,889","3,888,889","3,888,889",주식회사 트랜스코스모스코리아,주식회사 한국클라우드,,,268061622,272720901,,,96%,-1.70%,,,,,,,,,
2024-11-01 00:00:00,한국부동산원,2025년 건축행정시스템(세움터) 콜센터 유지관리 용역,14,14,14,12.0,"740,000,000","61,666,667","4,404,762","4,404,762","4,404,762","4,404,762",주식회사 씨케이인포,엘비유세스 주식회사,동유주식회사,,"672,727,273",,,,91%,100.00%,,,,,,,,,
2024-11-01 00:00:00,한국부동산원,25년 부동산거래 전자계약시스템 콜센터,5,5,5,12.0,"226,500,000","18,875,000","3,775,000","3,775,000","3,775,000","3,775,000",주식회사 텔레앤테크,(주)큐앤에이네트웍스,주식회사 콜포유,,"205,909,091",,,,91%,100.00%,,,,,,,,,
2024-11-01 00:00:00,한국산업기술진흥협회,2025년 기업공감원스톱지원센터 콜센터 위탁운영,12,12,12,12.0,"851,900,000","70,991,667","5,915,972","5,915,972","5,915,972","5,915,972",,,,,,,,,0%,#DIV/0!,공고기관 직접 집행,,,,,,,,
2024-11-01 00:00:00,한국생산성본부,KPC자격 콜센터 위탁운영 용역,4,4,4,12.0,"140,000,000","11,666,667","2,916,667","2,916,667","2,916,667","2,916,667",,,,,,,,,0%,#DIV/0!,공고기관 직접 집행,,,,,,,,
2024-11-01 00:00:00,한국예술인복지재단,예술인생활안정자금(융자)사업 전담 콜센터 위탁운영,2,2,2,24.0,"171,000,000","7,125,000","3,562,500","3,562,500","3,562,500","3,562,500",주식회사 텔레앤테크,주식회사 콜포유,,,169782970,170854829,,,99%,-0.60%,,,,,,,,,
2024-11-01 00:00:00,한국예술인복지재단,2025~2026년 한국예술인복지재단 고객상담센터 위탁운영,10,10,10,24.0,"985,298,000","41,054,083","4,105,408","4,105,408","4,105,408","4,105,408",주식회사 한국클라우드,주식회사 텔레앤테크,,,964663085,976104072,,,98%,-1.20%,,,,,,,,,
2024-11-01 00:00:00,한국전력공사,25년 정부 정책사업 고객센터 위탁용역,37,37,37,12.0,"1,944,921,976","162,076,831","4,380,455","4,380,455","4,380,455","4,380,455",,,,,,,,,0%,#DIV/0!,개찰내역없음,,,,,,,,
2024-11-01 00:00:00,한국조폐공사,한국조폐공사 디지털 온누리상품권 콜센터 위탁 운영 용역,14,14,14,24.0,"1,198,000,000","49,916,667","3,565,476","3,565,476","3,565,476","3,565,476",주식회사 핑거프라임,나이스신용정보 주식회사,주식회사 콜포유,,1160392800,1193596800,1193544000,,97%,-2.90%,,,,,,,,,
2024-11-01 00:00:00,한국지역정보개발원,2025년 KLID 통합콜센터 운영,492,492,492,12.0,"2,215,242,000","184,603,500","375,210","375,210","375,210","375,210",주식회사 메타엠,엘비유세스 주식회사,,,2108910000,2106000000,,,95%,0.10%,,,,,,,,,
2024-11-01 00:00:00,한국지역정보개발원,2025년 통합지방재정시스템 콜센터 운영 ,"1,164.00","1,164.00","1,164.00",12.0,"5,622,902,000","468,575,167","402,556","402,556","402,556","402,556",대성글로벌네트웍(주),효성아이티엑스 주식회사,,,5373574800,5459102880,,,96%,-1.60%,,,,,,,,,
2024-11-01 00:00:00,한국환경산업기술원,탄소중립포인트 제도 민원 상담서비스 운영,4,4,4,12.0,"225,000,000","18,750,000","4,687,500","4,687,500","4,687,500","4,687,500",주식회사 텔레앤테크,주식회사 한국클라우드,,,216818980,210181078,,,96%,3.10%,,,,,,,,,
2024-12-01 00:00:00,(재)한국에너지재단,2025년 에너지효율개선사업 콜센터 위탁 운영,3,3,3,12.0,"156,000,000","13,000,000","4,333,333","4,333,333","4,333,333","4,333,333",(주)큐앤에이네트웍스,(주)아이앤씨에스,,,"141,818,182",,,,91%,100.00%,,,,,,,,,
2024-12-01 00:00:00,경기교통공사,경기도 어린이청소년교통비 지원사업 콜센터 운영 용역,7,7,7,12.0,"377,171,000","31,430,917","4,490,131","4,490,131","4,490,131","4,490,131",주식회사위드플러스시스템,주식회사 엠디엠자산관리,정호시스템,신우티엠 주식회사,333460000,333542460,333645139,333693800,88%,0.00%,참여 업체수 179건,,,,,,,,
2024-12-01 00:00:00,경기교통공사,2025년 경기도 광역이동지원센터 콜센터 운영 용역,100,100,100,12.0,"5,500,000,000","458,333,333","4,583,333","4,583,333","4,583,333","4,583,333",주식회사 한국클라우드,주식회사 트랜스코스모스코리아,주식회사 케이티아이에스,,"5,160,483,240",4472778954,5305214587,,94%,13.30%,,,,,,,,,
2024-12-01 00:00:00,경기주택도시공사,경기도 전세피해지원센터 고객지원센터 운영 용역,4,4,4,12.0,"248,307,000","20,692,250","5,173,063","5,173,063","5,173,063","5,173,063",주식회사에스엔티,일호개발,주식회사 대각산업,주식회사 대신기업,,214159300,214161780,214163140,0%,#DIV/0!,참여 업체수 328건,,,,,,,,
2024-12-01 00:00:00,경기주택도시공사,2025년 콜센터 운영 위탁 용역,6,6,6,12.0,"385,059,000","32,088,250","5,348,042","5,348,042","5,348,042","5,348,042",에이비컴퍼니주식회사,주식회사 지에스아웃소싱,주식회사 캐미코,주식회사 국성,342918000,344714810,335050540,336587060,89%,-0.50%,참여 업체수 26건,,,,,,,,
2024-12-01 00:00:00,국가평생교육진흥원,학점은행제-독학학위제 콜센터 운영 위탁,27,49,38,24.0,"3,160,000,000","131,666,667","4,876,543","2,687,075","3,781,809","3,464,912",,,,,,,,,0%,#DIV/0!,단일응찰,,,,,,,,
2024-12-01 00:00:00,사단법인 굿네이버스 인터내셔날,2025년 굿네이버스 통합콜센터 용역,100,100,100,12.0,"300,000,000","25,000,000","250,000","250,000","250,000","250,000",씨알엠삼육오,주식회사 헬퍼스하이,,,300000000,299992000,,,100%,0.00%,,,,,,,,,
2024-12-01 00:00:00,사단법인 굿네이버스 인터내셔날,2025년 굿네이버스 통합콜센터 용역,16,16,16,12.0,"700,000,000","58,333,333","3,645,833","3,645,833","3,645,833","3,645,833",,,,,,,,,0%,#DIV/0!,개찰중,,,,,,,,
2024-12-01 00:00:00,사회복지법인어린이재단,초록우산 아웃바운드 콜센터 위탁 용역,22,22,22,24.0,"2,000,000,000","83,333,333","3,787,879","3,787,879","3,787,879","3,787,879",주식회사 엠피씨플러스,주식회사 제이앤비컨설팅,주식회사 헬퍼스하이,,1996947993,1763402688,2000000000,,100%,11.70%,,,,,,,,,
2024-12-01 00:00:00,서민금융진흥원,서민금융콜센터(청년도약계좌) 위탁운영,95,95,95,24.0,"8,648,934,960","360,372,290","3,793,393","3,793,393","3,793,393","3,793,393",(주)케이티씨에스,엠지신용정보 주식회사,효성아이티엑스 주식회사,나이스신용정보 주식회사,"7,862,668,145",,,,91%,100.00%,,,,,,,,,
2024-12-01 00:00:00,서민금융진흥원,1397서민금융콜센터 위탁운영,148,148,148,24.0,"14,150,889,624","589,620,401","3,983,922","3,983,922","3,983,922","3,983,922",효성아이티엑스 주식회사,엠지신용정보 주식회사,(주)케이티씨에스,고려신용정보주식회사,"12,864,445,113",,,,91%,100.00%,,,,,,,,,
2024-12-01 00:00:00,재단법인 경상북도경제진흥원,「2025년 경상북도 소상공인 상담센터 운영 용역』,2,2,2,12.0,"99,000,000","8,250,000","4,125,000","4,125,000","4,125,000","4,125,000",,,,,,,,,0%,#DIV/0!,단독응찰,,,,,,,,
2024-12-01 00:00:00,재단법인 서울관광재단,2025~2026 디스커버서울패스 고객센터 운영,6,10,8,24.0,"419,260,000","17,469,167","2,911,528","1,746,917","2,329,222","2,183,646",주식회사 라이온코리아,주식회사 프리미엄패스인터내셔널,퍼실리티 매니지먼트주식회사,,"381,145,455",,,,91%,100.00%,,,,,,,,,
2024-12-01 00:00:00,재단법인 청와대재단,2025년 청와대 콜센터 운영 용역,5,5,5,12.0,"272,000,000","22,666,667","4,533,333","4,533,333","4,533,333","4,533,333",주식회사 텔레앤테크,주식회사 콜포유,,,265111330,269055600,,,97%,-1.50%,,,,,,,,,
2024-12-01 00:00:00,재단법인경기도시장상권진흥원,2025년 종합상담 콜센터 운영 용역,9,9,9,12.0,"495,787,000","41,315,583","4,590,620","4,590,620","4,590,620","4,590,620",엠지신용정보 주식회사,에프앤유신용정보 주식회사,,,492527040,494530200,,,99%,-0.40%,,,,,,,,,
2024-12-01 00:00:00,(주)공영홈쇼핑,공영홈쇼핑 IT 헬프데스크 운영 용역,2,2,2,29.0,"328,025,330","11,311,218","5,655,609","5,655,609","5,655,609","5,655,609",주식회사 한국클라우드,주식회사 아이엔소프트,,,308885218,321420000,,,94%,-4.10%,,,,,,,,,
2024-12-01 00:00:00,한국교육학술정보원,2025년 나이스 중앙상담센터 위탁운영,163,163,163,12.0,"750,478,000","62,539,833","383,680","383,680","383,680","383,680",효성아이티엑스 주식회사,(주)케이티씨에스,대성글로벌네트웍(주),주식회사 메타엠,730734323,744120300,715200000,723798900,97%,-1.80%,,,,,,,,,
2024-12-01 00:00:00,한국데이터산업진흥원,2025년 K-DATA 통합 고객센터 위탁 운영 용역,5,5,5,12.0,"169,657,590","14,138,133","2,827,627","2,827,627","2,827,627","2,827,627",,,,,,,,,0%,#DIV/0!,단일응찰,,,,,,,,
2024-12-01 00:00:00,한국에너지공단,25년 부동산 거래신고 통합 콜센터,22,22,22,12.0,"1,084,000,000","90,333,333","4,106,061","4,106,061","4,106,061","4,106,061",(주)케이티씨에스,주식회사 콜포유,,,"985,454,545",,,,91%,100.00%,,,,,,,,,
2024-12-01 00:00:00,한국부동산원,2025년 에너지사용량신고 콜센터 운영,6,6,6,5.0,"109,000,000","21,800,000","3,633,333","3,633,333","3,633,333","3,633,333",(주)아이앤씨에스,주식회사 콜포유,,,106000000,106750539,,,97%,-0.70%,,,,,,,,,
2024-12-01 00:00:00,한국환경공단,2025년 Allbaro 및 폐기물처분부담금 협업콜센터 위탁운영,6,22,14,5.0,"324,812,000","64,962,400","10,827,067","2,952,836","6,889,952","4,640,171",태승종합관리,주식회사 비디에스종합관리,우리산업시설관리 주식회사,정호시스템,277335690,"277,337,410",277352190,277363560,85%,0.00%,참여 업체수 329건,,,,,,,,
2023-01-01 00:00:00,(재)한국에너지재단,2023년도 저소득층 에너지효율개선사업 콜센터 위탁 운영 용역,3,3,3,11.0,"145,260,000","13,205,455","4,401,818","4,401,818","4,401,818","4,401,818",(주)아이앤씨에스,주식회사 인사이드잡,,,,,,,0%,#DIV/0!,,,1.0,,,"145,260,000",11.0,"13,205,455",3.0
2023-01-01 00:00:00,경기복지재단,청년 노동자 통장 콜센터 운영,5,21,13,12.0,"281,000,000","23,416,667","4,683,333","1,115,079","2,899,206","1,801,282",주식회사 콜포유,주식회사 한국클라우드,주식회사 인사이드잡,주식회사 위니아에이드,"280,310,800","279,268,000","262,537,122","241,951,424",100%,0.40%,참여업체수 5건 (엠지신용정보 주식회사 등),,1.0,,,"280,310,800",12.0,"23,359,233",3.0
2023-01-01 00:00:00,근로복지공단본부,퇴직연금 콜센터 상담용역 (퇴직연금계획부),10,10,10,5.0,"208,000,000","41,600,000","4,160,000","4,160,000","4,160,000","4,160,000",주식회사 한국클라우드,주식회사 텔레앤테크,주식회사 콜포유,,"205,671,807","204,959,713","207,702,000",,99%,0.30%,,,1.0,,,"205,671,807",5.0,"41,134,361",2.0
2023-01-01 00:00:00,대검찰청,1301검찰콜센터 상담인력 위탁용역,8,8,8,12.0,"327,000,000","27,250,000","3,406,250","3,406,250","3,406,250","3,406,250",주식회사 케이티아이에스,엘비유세스 주식회사,주식회사 휴넥트,,"325,829,388","326,837,000","325,522,717",,100%,-0.30%,,,1.0,,,"325,829,388",12.0,"27,152,449",3.0
2023-01-01 00:00:00,더케이교직원나라(주),더케이교직원나라 고객센터 위탁운영 용역계약,17,17,17,36.0,"2,068,414,547","57,455,960","3,379,762","3,379,762","3,379,762","3,379,762",주식회사 트랜스코스모스코리아,주식회사 제니엘,주식회사 휴넥트,주식회사 케이티아이에스,"2,015,692,800","2,046,695,200","2,042,451,176","2,059,897,225",97%,-1.50%,"참여업체수 9건 (효성아이티엑스 주식회사, (주)유니에스, (주)한국고용정보, 에프앤유신용정보 주식회사, 주식회사 엠피씨플러스 등)",,1.0,,,"2,015,692,800",36.0,"55,991,467",6.0
2023-01-01 00:00:00,아동권리보장원,2023년 아동학대예방교육 실적 관리 및 콜센터 운영,3,3,3,11.0,"139,000,000","12,636,364","4,212,121","4,212,121","4,212,121","4,212,121",(주)큐앤에이네트웍스,주식회사 콜포유,주식회사 브랜드콘텐츠,,"133,560,000","137,843,200","125,100,000",,96%,-3.20%,,,1.0,,,"133,560,000",11.0,"12,141,818",3.0
2023-01-01 00:00:00,아이비케이연금보험㈜,IBK연금보험 콜센터 상담인력 아웃소싱 운영,18,18,18,24.0,"830,000,000","34,583,333","1,921,296","1,921,296","1,921,296","1,921,296",공고기관 직접 집행,,,,,,,,0%,#DIV/0!,,,,,1.0,"830,000,000",24.0,"34,583,333",5.0
2023-01-01 00:00:00,한국교육방송공사,2023~2026년 EBS 고객센터 업무대행 운영 업체 선정,30,30,30,36.0,"4,187,700,000","116,325,000","3,877,500","3,877,500","3,877,500","3,877,500",유찰-단독응찰,,,,,,,,0%,#DIV/0!,,,,1.0,,"4,187,700,000",36.0,"116,325,000",6.0
2023-01-01 00:00:00,한국콘텐츠진흥원,2023 콘텐츠 민원상담창구 운영 위탁용역,5,5,5,10.0,"174,153,900","17,415,390","3,483,078","3,483,078","3,483,078","3,483,078",공고기관 직접 집행,,,,,,,,0%,#DIV/0!,,,,,1.0,"174,153,900",10.0,"17,415,390",3.0
2023-02-01 00:00:00,㈜공영홈쇼핑,공영홈쇼핑 제1고객센터(상암) 업무 위탁 운영 사업자 선정,256,256,256,24.0,"25,366,967,372","1,056,956,974","4,128,738","4,128,738","4,128,738","4,128,738",주식회사 케이에스한국고용정보,(주)케이티씨에스,주식회사 케이티아이에스,(주)유베이스,,,,,0%,#DIV/0!,"참여업체수 9건 ((주)윌앤비전, 주식회사 휴넥트, 주식회사 메타엠, 대성글로벌네트웍(주), (주)유니에스 등)",,1.0,,,"25,366,967,372",24.0,"1,056,956,974",5.0
2023-02-01 00:00:00,㈜공영홈쇼핑,공영홈쇼핑 제2고객센터(구로) 업무 위탁 운영 사업자 선정,131,131,131,24.0,"13,212,277,958","550,511,582","4,202,378","4,202,378","4,202,378","4,202,378",(주)케이티씨에스,주식회사 케이티아이에스,(주)유베이스,(주)유니에스,,,,,0%,#DIV/0!,"참여업체수 11건 ((주)윌앤비전, 주식회사 케이에스한국고용정보, 주식회사 메타엠, 주식회사 휴넥트, 대성글로벌네트웍(주), 인트로맨(주), 에프앤유신용정보 주식회사 등)",,1.0,,,"13,212,277,958",24.0,"550,511,582",5.0
2023-02-01 00:00:00,광주광역시 도시공사,임대주택 콜센터 설치 및 운영 위탁 용역,5,5,5,12.0,"283,322,490","23,610,208","4,722,042","4,722,042","4,722,042","4,722,042",(주)케이티씨에스,주식회사 브랜드콘텐츠,주식회사 콜포유,,"282,122,947","254,990,241","282,783,600",,100%,9.60%,,,1.0,,,"282,122,947",12.0,"23,510,246",3.0
2023-02-01 00:00:00,국세청 국세상담센터,2022년 귀속 종합소득세 및 장려세제 상담 위탁운영,40,50,45,2.0,"333,990,000","166,995,000","4,174,875","3,339,900","3,757,388","3,711,000",대성글로벌네트웍(주),,,,"330,147,278",,,,99%,100.00%,"단독응찰로 인한 유찰, 수의계약 전환",,1.0,,,"330,147,278",2.0,"165,073,639",1.0
2023-02-01 00:00:00,국세청 국세상담센터,2022년 귀속 종합소득세 홈택스 임시상담 위탁운영,100,100,100,1.5,"459,900,000","306,600,000","3,066,000","3,066,000","3,066,000","3,066,000",주식회사 제니엘,,,,"455,200,000",,,,99%,100.00%,"단독응찰로 인한 유찰, 수의계약 전환",,1.0,,,"455,200,000",1.5,"303,466,667",1.0
2023-02-01 00:00:00,대한소방공제회,대한소방공제회 회원상담 콜센터 도급 운영,2,2,2,12.0,"90,000,000","7,500,000","3,750,000","3,750,000","3,750,000","3,750,000",공고기관 직접 집행,,,,,,,,0%,#DIV/0!,,,,,1.0,"90,000,000",12.0,"7,500,000",3.0
2023-02-01 00:00:00,대한지방행정공제회,대한지방행정공제회 회원상담 콜센터 운영 용역,14,14,14,36.0,"2,101,839,000","58,384,417","4,170,315","4,170,315","4,170,315","4,170,315",(주)한국고용정보,주식회사 엠피씨플러스,주식회사 케이티아이에스,(주)케이티씨에스,,,,,0%,#DIV/0!,"참여업체수 8건 (엠지신용정보 주식회사, (주)윌앤비전, 주식회사 트랜스코스모스코리아, 주식회사 휴넥트 등)",,1.0,,,"2,101,839,000",36.0,"58,384,417",6.0
2023-02-01 00:00:00,보건복지부,23~25년 자살예방상담전화(1393) 운영지원,18,18,18,36.0,"2,466,000,000","68,500,000","3,805,556","3,805,556","3,805,556","3,805,556",유찰-단독응찰,,,,,,,,0%,#DIV/0!,,,,1.0,,"2,466,000,000",36.0,"68,500,000",6.0
2023-02-01 00:00:00,사회복지법인 밀알복지 재단,밀알복지재단 후원회원 미납관리 통합콜센터 운영 용역 입찰공고,4,4,4,6.0,"90,000,000","15,000,000","3,750,000","3,750,000","3,750,000","3,750,000",주식회사 헬퍼스하이,마케팅앤컴퍼니,주식회사 인사이드잡,주식회사김앤김,"81,818,182","79,752,000","81,350,782","70,920,000",91%,2.50%,,,1.0,,,"81,818,182",6.0,"13,636,364",2.0
2023-02-01 00:00:00,서울특별시,2023년 서울 청년수당 서류검증단 및 전담 콜센터 운영 용역,6,6,6,11.0,"284,252,000","25,841,091","4,306,848","4,306,848","4,306,848","4,306,848",주식회사 엠피씨플러스,엠지신용정보 주식회사,주식회사 케이티아이에스,주식회사 콜포유,"278,688,000","275,246,730","276,960,000","283,563,500",98%,1.20%,참여업체수 5건 (주식회사 라이온코리아 등),,1.0,,,"278,688,000",11.0,"25,335,273",3.0
2023-02-01 00:00:00,서울특별시,2023년 서울시 청년 대중교통비 지원사업 콜센터 운영 용역,5,5,5,13.0,"230,000,000","17,692,308","3,538,462","3,538,462","3,538,462","3,538,462",주식회사 엠피씨플러스,주식회사 콜포유,주식회사 브랜드콘텐츠,주식회사김앤김,"227,982,000","227,950,800","207,000,000",,99%,0.00%,,,1.0,,,"227,982,000",13.0,"17,537,077",4.0
2023-02-01 00:00:00,아동권리보장원,2023년 자립준비청년 전용 상담센터(자립정보ON) 위탁운영,3,3,3,11.0,"100,000,000","9,090,909","3,030,303","3,030,303","3,030,303","3,030,303",주식회사 콜포유,(주)큐앤에이네트웍스,,,"99,891,000","97,180,000",,,100%,2.70%,,,1.0,,,"99,891,000",11.0,"9,081,000",3.0
2023-02-01 00:00:00,인천광역시교육청,지능형 나이스 상담센터 위탁 운영 용역,5.5,5.5,5.5,10.0,"207,955,000","20,795,500","3,781,000","3,781,000","3,781,000","3,781,000",주식회사 텔레앤테크,주식회사 콜포유,,,"205,033,070","207,636,000",,,99%,-1.30%,,,1.0,,,"205,033,070",10.0,"20,503,307",3.0
2023-02-01 00:00:00,재단법인서울문화재단,2023년 서울형 청년문화패스 콜센터 대행용역,4,6,5,11.0,"171,400,000","15,581,818","3,895,455","2,596,970","3,246,212","3,116,364",주식회사 브랜드콘텐츠,인트로맨(주),주식회사 텔레앤테크,주식회사 콜포유,"154,260,000","169,248,337","167,110,570","171,294,265",90%,-9.70%,,,1.0,,,"154,260,000",11.0,"14,023,636",3.0
2023-02-01 00:00:00,한국문화재재단,2023년 궁능 활용 프로그램 콜센터 위탁,2,4,3,10.0,"76,000,000","7,600,000","3,800,000","1,900,000","2,850,000","2,533,333",주식회사 한국클라우드,주식회사 텔레앤테크,주식회사 콜포유,주식회사 인사이드잡,"74,811,158","73,625,260","75,864,800","75,641,189",98%,1.60%,,,1.0,,,"74,811,158",10.0,"7,481,116",3.0
2023-02-01 00:00:00,한국문화정보원,2023년~2024년도 문화비 소득공제 업무지원 및 민원안내 고객센터 운영 용역,5,13,9,24.0,"480,000,000","20,000,000","4,000,000","1,538,462","2,769,231","2,222,222",효성아이티엑스 주식회사,(주) 윌앤비전,,,"479,614,860","479,966,300",,,100%,-0.10%,,,1.0,,,"479,614,860",24.0,"19,983,953",5.0
2023-02-01 00:00:00,한국산림복지진흥원,2023년 숲e랑 운영관리 및 고객지원센터 운영,11,11,11,11.0,"502,000,000","45,636,364","4,148,760","4,148,760","4,148,760","4,148,760",유찰-단독응찰,,,,,,,,0%,#DIV/0!,,,,1.0,,"502,000,000",11.0,"45,636,364",3.0
2023-02-01 00:00:00,한국에너지공단,2023년 에너지바우처 콜센터 위탁용역,6,6,6,12.0,"275,000,000","22,916,667","3,819,444","3,819,444","3,819,444","3,819,444",(주)아이앤씨에스,,,,"268,675,000",,,,98%,100.00%,"단독응찰로 인한 유찰, 수의계약 전환",,1.0,,,"268,675,000",12.0,"22,389,583",3.0
2023-02-01 00:00:00,한국예술인복지재단,한국예술인복지재단 고객상담센터 위탁운영 용역,6,6,6,11.0,"438,000,000","39,818,182","6,636,364","6,636,364","6,636,364","6,636,364",주식회사 텔레앤테크,주식회사 트랜스코스모스코리아,주식회사 제니엘,주식회사 한국클라우드,"421,724,183","417,492,900","433,385,700","430,694,395",96%,1.00%,참여업체수 5건 (주식회사 콜포유 등),,1.0,,,"421,724,183",11.0,"38,338,562",3.0
2023-02-01 00:00:00,한국환경공단,2023년 탄소중립포인트제 참여지원 콜센터 위탁운영,4,4,4,8.0,"138,001,000","17,250,125","4,312,531","4,312,531","4,312,531","4,312,531",주식회사 한국클라우드,주식회사 텔레앤테크,주식회사 콜포유,,"137,302,000","129,241,960","137,429,600",,99%,5.90%,,,1.0,,,"137,302,000",8.0,"17,162,750",3.0
2023-03-01 00:00:00,과학기술인공제회,과학기술인공제회 회원상담 콜센터 위탁 운영 ,11,11,11,36.0,"2,059,347,000","57,204,083","5,200,371","5,200,371","5,200,371","5,200,371",공고기관 직접 집행,,,,,,,,0%,#DIV/0!,,,,,1.0,"2,059,347,000",36.0,"57,204,083",6.0
2023-03-01 00:00:00,국가평생교육진흥원,2023년 평생교육바우처.장애인평생교육바우처 상담콜센터 위탁 운영,8,23,15.5,12.0,"593,000,000","49,416,667","6,177,083","2,148,551","4,162,817","3,188,172",(주) 윌앤비전,주식회사 한국클라우드,주식회사 메타엠,엘비유세스 주식회사,"592,831,800","591,064,907","581,151,780","591,624,000",100%,0.30%,참여업체수 5건 ((주)아데코코리아 등),,1.0,,,"592,831,800",12.0,"49,402,650",3.0
2023-03-01 00:00:00,서민금융진흥원,2023년 청년도약계좌 상담센터(콜센터) 위탁운영,200,200,200,20.0,"9,603,000,000","480,150,000","2,400,750","2,400,750","2,400,750","2,400,750",(주)케이티씨에스,엠지신용정보 주식회사,주식회사 엠피씨플러스,나이스신용정보 주식회사,,,,,0%,#DIV/0!,,,1.0,,,"9,603,000,000",20.0,"480,150,000",5.0
2023-03-01 00:00:00,서울특별시,2023년 미래청년기획단 주거지원사업 콜센터 운영 용역,10,10,10,9.0,"220,000,000","24,444,444","2,444,444","2,444,444","2,444,444","2,444,444",주식회사 콜포유,주식회사 브랜드콘텐츠,주식회사 휴먼플래너,,"219,804,200","198,000,000",,,100%,9.90%,,,1.0,,,"219,804,200",9.0,"24,422,689",3.0
2023-03-01 00:00:00,신용협동조합중앙회,2023~2026년 신협 고객지원센터 위탁 운영업체 선정,145,145,145,36.0,"18,940,317,000","526,119,917","3,628,413","3,628,413","3,628,413","3,628,413",공고기관 직접 집행,,,,,,,,0%,#DIV/0!,,,,,1.0,"18,940,317,000",36.0,"526,119,917",6.0
2023-03-01 00:00:00,재단법인경기도일자리재단,2023년 경기도 청년 노동자 지원사업 콜센터 운영 용역,59,59,59,9.0,"2,574,003,190","286,000,354","4,847,464","4,847,464","4,847,464","4,847,464",주식회사 메타엠,(주)유베이스,,,"2,120,762,000","2,198,808,000",,,82%,-3.70%,,,1.0,,,"2,120,762,000",9.0,"235,640,222",3.0
2023-03-01 00:00:00,중소기업은행,IBK고객센터 전화상담업무 위탁운영 협력기업 선정 추진(영업외시간상담),60,75,67.5,24.0,"3,676,600,000","153,191,667","2,553,194","2,042,556","2,297,875","2,269,506",주식회사 휴넥트,주식회사 메타엠,,,,,,,0%,#DIV/0!,,,1.0,,,"3,676,600,000",24.0,"153,191,667",5.0
2023-03-01 00:00:00,중소기업은행,IBK고객센터 전화상담업무 위탁운영 협력기업 선정 추진(아웃바운드),50,60,55,12.0,"1,875,300,000","156,275,000","3,125,500","2,604,583","2,865,042","2,841,364",(주) 윌앤비전,효성아이티엑스 주식회사,,,,,,,0%,#DIV/0!,,,1.0,,,"1,875,300,000",12.0,"156,275,000",3.0
2023-03-01 00:00:00,중소기업은행,IBK고객센터 전화상담업무 위탁운영 협력기업 선정 추진(카드상담2),60,70,65,24.0,"1,645,000,000","68,541,667","1,142,361","979,167","1,060,764","1,054,487",주식회사 휴넥트,에프앤유신용정보 주식회사,,,,,,,0%,#DIV/0!,,,1.0,,,"1,645,000,000",24.0,"68,541,667",5.0
2023-03-01 00:00:00,중소기업은행,IBK고객센터 전화상담업무 위탁운영 협력기업 선정 추진(카드상담1),90,100,95,24.0,"6,934,800,000","288,950,000","3,210,556","2,889,500","3,050,028","3,041,579",(주)한국고용정보,주식회사 그린씨에스,(주) 윌앤비전,,,,,,0%,#DIV/0!,,,1.0,,,"6,934,800,000",24.0,"288,950,000",5.0
2023-03-01 00:00:00,한국고용정보원,2023년 온라인청년센터 실시간 상담 서비스 일부 위탁운영 사업,35,35,35,9.0,"1,215,000,000","135,000,000","3,857,143","3,857,143","3,857,143","3,857,143",주식회사 엠피씨플러스,(주)케이티씨에스,,,"1,206,612,000","1,212,601,998",,,99%,-0.50%,,,1.0,,,"1,206,612,000",9.0,"134,068,000",3.0
2023-03-01 00:00:00,한국관광공사,2023년 1330 관광통역안내 콜센터 위탁 운영,67,67,67,24.0,"7,078,000,000","294,916,667","4,401,741","4,401,741","4,401,741","4,401,741",주식회사 엠피씨플러스,주식회사 트랜스코스모스코리아,(주)케이티씨에스,,,,,,0%,#DIV/0!,,,1.0,,,"7,078,000,000",24.0,"294,916,667",5.0
2023-03-01 00:00:00,한국보건복지인재원,2023년 한국보건복지인재원 콜센터 위탁,5,9,7,8.5,"124,630,000","14,662,353","2,932,471","1,629,150","2,280,810","2,094,622",주식회사 브랜드콘텐츠,,,,"118,398,500",,,,95%,100.00%,"단독응찰로 인한 유찰, 수의계약 전환",,1.0,,,"118,398,500",8.5,"13,929,235",3.0
2023-03-01 00:00:00,한국에너지공단,RF100 콜센터 운영 위탁,1,1,1,9.0,"40,000,000","4,444,444","4,444,444","4,444,444","4,444,444","4,444,444",주식회사 블루콘텐츠,주식회사 브랜드콘텐츠,주식회사 콜포유,,"36,800,000","36,000,000","39,986,100",,92%,2.20%,,,1.0,,,"36,800,000",9.0,"4,088,889",3.0
2023-03-01 00:00:00,한국지방세연구원,2023년도 개인지방소득세 상담콜센터 운영위탁 용역,60,60,60,1.3,"311,000,000","239,230,769","3,987,179","3,987,179","3,987,179","3,987,179",공고기관 직접 집행,,,,,,,,0%,#DIV/0!,,,,,1.0,"311,000,000",1.3,"239,230,769",1.0
2023-04-01 00:00:00,(사)중소기업기술혁신협회,비대면 서비스 바우처 통합콜센터 위탁운영 용역,4,10,7,9.0,"200,000,000","22,222,222","5,555,556","2,222,222","3,888,889","3,174,603",공고기관 직접 집행,,,,,,,,0%,#DIV/0!,,,,,1.0,"200,000,000",9.0,"22,222,222",3.0
2023-04-01 00:00:00,건설근로자공제회,전자카드제 전담 위탁콜센터 용역,7,9,8,7.0,"240,000,000","34,285,714","4,897,959","3,809,524","4,353,741","4,285,714",주식회사 한국클라우드,주식회사 텔레앤테크,,,"223,121,954","236,027,000",,,93%,-5.80%,,,1.0,,,"223,121,954",7.0,"31,874,565",3.0
2023-04-01 00:00:00,건설근로자공제회,[긴급]수급요건 완화 소급대상자 퇴직공제금 콜센터 용역,9,9,9,8.0,"340,543,000","42,567,875","4,729,764","4,729,764","4,729,764","4,729,764",엠지신용정보 주식회사,,,,"333,955,000",,,,98%,100.00%,"단독응찰로 인한 유찰, 수의계약 전환",,1.0,,,"333,955,000",8.0,"41,744,375",3.0
2023-04-01 00:00:00,근로복지공단본부,퇴직연금 디폴트옵션 콜센터 상담 용역,10,10,10,5.0,"209,000,000","41,800,000","4,180,000","4,180,000","4,180,000","4,180,000",주식회사 한국클라우드,주식회사 텔레앤테크,인트로맨(주),주식회사 브랜드콘텐츠,"200,595,617","204,168,087","208,321,850","188,100,000",96%,-1.80%,,,1.0,,,"200,595,617",5.0,"40,119,123",2.0
2023-04-01 00:00:00,농림수산식품교육문화정보원,2023년 청년후계농 및 농업법인 상담콜센터 운영,5,8,6.5,10.0,"255,230,000","25,523,000","5,104,600","3,190,375","4,147,488","3,926,615",주식회사 블루데이타시스템즈,(주)큐앤에이네트웍스,(주)케이티씨에스,주식회사 브랜드콘텐츠,"245,300,000","232,350,000","253,650,339","229,707,000",96%,5.30%,"참여업체수 6건 (주식회사 콜포유, 주식회사 공감 등)",,1.0,,,"245,300,000",10.0,"24,530,000",3.0
2023-04-01 00:00:00,농림수산식품교육문화정보원,2023년 스마트팜 상담센터 위탁운영,3,3,3,8.0,"92,500,000","11,562,500","3,854,167","3,854,167","3,854,167","3,854,167",주식회사 블루데이타시스템즈,(주)큐앤에이네트웍스,주식회사 브랜드콘텐츠,,"82,500,000","91,092,000","87,875,000",,89%,-10.40%,,,1.0,,,"82,500,000",8.0,"10,312,500",3.0
2023-04-01 00:00:00,농협경제지주 주식회사,자조금통합지원센터 콜센터 운영 대행업체 선정,3,4,3.5,8.0,"90,000,000","11,250,000","3,750,000","2,812,500","3,281,250","3,214,286",주식회사 트랜스코스모스코리아,(주)큐앤에이네트웍스,주식회사 공감,인트로맨(주),"89,526,800","88,240,000","89,500,000","85,046,300",99%,1.40%,"참여업체수 6건 (주식회사 브랜드콘텐츠, 주식회사 텔레앤테크 등)",,1.0,,,"89,526,800",8.0,"11,190,850",3.0
2023-04-01 00:00:00,마스타자동차관리㈜,초소형전기차 긴급출동서비스 기반의 콜센터 운영 용역,2,3,2.5,8.0,"59,500,000","7,437,500","3,718,750","2,479,167","3,098,958","2,975,000",유찰-단독응찰,,,,,,,,0%,#DIV/0!,,,,1.0,,"59,500,000",8.0,"7,437,500",3.0
2023-04-01 00:00:00,서울주택도시공사,시설민원 콜센터 인력운영 위탁용역,15,15,15,24.0,"1,496,264,000","62,344,333","4,156,289","4,156,289","4,156,289","4,156,289",유찰-단독응찰,,,,,,,,0%,#DIV/0!,,,,1.0,,"1,496,264,000",24.0,"62,344,333",5.0
2023-04-01 00:00:00,의료법인한전의료재단한일병원,콜센터 위탁운영 외주용역,6,6,6,24.0,"487,230,533","20,301,272","3,383,545","3,383,545","3,383,545","3,383,545",주식회사 휴넥트,(주)차케어스,(주)유니에스,주식회사 엔젤스태프,"448,974,768","463,913,736","469,959,600","477,977,000",92%,-3.30%,참여업체수 5건 (주식회사 제니엘 등),,1.0,,,"448,974,768",24.0,"18,707,282",5.0
2023-04-01 00:00:00,중소벤처기업진흥공단,2023년 수출바우처사업 민원안내센터 민간위탁운영 용역,6,6,6,12.0,"393,930,000","32,827,500","5,471,250","5,471,250","5,471,250","5,471,250",(주)케이티씨에스,주식회사 브랜드콘텐츠,주식회사 휴넥트,(주)유원커리어센터,"387,650,150","354,537,000","387,156,945","296,057,724",98%,8.50%,참여업체수 5건 (주식회사 콜포유 등),,1.0,,,"387,650,150",12.0,"32,304,179",3.0
2023-04-01 00:00:00,한국건설기술인협회,고품질 민원상담 서비스 제공을 위한 콜센터 위탁 운영 용역,5,10,7.5,36.0,"1,178,000,000","32,722,222","6,544,444","3,272,222","4,908,333","4,362,963",(주)케이티씨에스,주식회사 케이티아이에스,(주) 윌앤비전,주식회사 메타엠,,,,,0%,#DIV/0!,참여업체수 5건 (주식회사 휴넥트 등),,1.0,,,"1,178,000,000",36.0,"32,722,222",6.0
2023-04-01 00:00:00,한국에너지공단,2023년 에너지절약계획서 통합 콜센터 위탁 운영,2,3,2.5,8.0,"130,000,000","16,250,000","8,125,000","5,416,667","6,770,833","6,500,000",(주)아이앤씨에스,주식회사 브랜드콘텐츠,,,"127,000,000","117,000,000",,,98%,7.90%,,,1.0,,,"127,000,000",8.0,"15,875,000",3.0
2023-04-01 00:00:00,한국장학재단,2023년 대표번호 상담센터 운영 -1,275,275,275,24.0,"21,395,000,000","891,458,333","3,241,667","3,241,667","3,241,667","3,241,667",(주)케이티씨에스,효성아이티엑스 주식회사,엠지신용정보 주식회사,주식회사 케이티아이에스,"21,356,858,497","21,388,146,600","21,389,654,710","21,390,932,488",100%,-0.10%,"참여업체수 6건 (대성글로벌네트웍(주), (주)대경티엠에스 등)",,1.0,,,"21,356,858,497",24.0,"889,869,104",5.0
2023-04-01 00:00:00,한국장학재단,2023년 대표번호 상담센터 운영 -2,122,122,122,24.0,"9,373,000,000","390,541,667","3,201,161","3,201,161","3,201,161","3,201,161",엠지신용정보 주식회사,주식회사 케이티아이에스,대성글로벌네트웍(주),(주)대경티엠에스,"9,369,587,860","9,372,433,966","9,364,685,000","9,353,626,331",100%,0.00%,,,1.0,,,"9,369,587,860",24.0,"390,399,494",5.0
2023-04-01 00:00:00,한국재정정보원,2023~2025년 한국재정정보원 고객상담 위탁운영 사업,140,140,140,24.0,"15,072,000,000","628,000,000","4,485,714","4,485,714","4,485,714","4,485,714",효성아이티엑스 주식회사,(주)케이티씨에스,,,"15,068,559,306","15,068,559,306",,,100%,-,,,1.0,,,"15,068,559,306",24.0,"627,856,638",5.0
2023-04-01 00:00:00,한국토지주택공사,LH 사전청약 전용 콜센터 위탁 운영,60,60,60,10.0,"2,111,540,410","211,154,041","3,519,234","3,519,234","3,519,234","3,519,234",공고기관 직접 집행,,,,,,,,0%,#DIV/0!,,,,,1.0,"2,111,540,410",10.0,"211,154,041",3.0
2023-05-01 00:00:00,경기도 포천시,포천시 민원콜센터 운영 민간위탁 용역사업자 모집공고,9,9,9,29.0,"1,065,466,000","36,740,207","4,082,245","4,082,245","4,082,245","4,082,245",공고기관 직접 집행,,,,,,,,0%,#DIV/0!,,,,,1.0,"1,065,466,000",29.0,"36,740,207",6.0
2023-05-01 00:00:00,사단법인 보험개발원,자동차이력정보 고객센터 도급용역,4,4,4,12.0,"200,000,000","16,666,667","4,166,667","4,166,667","4,166,667","4,166,667",공고기관 직접 집행,,,,,,,,0%,#DIV/0!,,,,,1.0,"200,000,000",12.0,"16,666,667",3.0
2023-05-01 00:00:00,서울주택도시공사,서울주택도시공사 일반콜센터 위탁운영 용역,55,55,55,24.0,"5,871,611,000","244,650,458","4,448,190","4,448,190","4,448,190","4,448,190",유찰-단독응찰,,,,,,,,0%,#DIV/0!,,,,1.0,,"5,871,611,000",24.0,"244,650,458",5.0
2023-05-01 00:00:00,주식회사 에스알,SR고객센터 상담업무 위탁용역,20,20,20,7.0,"1,560,000,000","222,857,143","11,142,857","11,142,857","11,142,857","11,142,857",공고기관 직접 집행,,,,,,,,0%,#DIV/0!,,,,,1.0,"1,560,000,000",7.0,"222,857,143",3.0
2023-05-01 00:00:00,주택도시보증공사,전세피해지원센터 콜센터 상담업무 외부위탁 용역,3,3,3,12.0,"138,365,700","11,530,475","3,843,492","3,843,492","3,843,492","3,843,492",씨에스쉐어링 주식회사,주식회사 한국클라우드,주식회사 브랜드콘텐츠,주식회사 텔레앤테크,"131,391,299","137,522,833","124,529,130","137,441,808",95%,-4.70%,"참여업체수 6건 (주식회사 휴먼플래너, (주)유원커리어센터 등)",,1.0,,,"131,391,299",12.0,"10,949,275",3.0
2023-05-01 00:00:00,한국관광공사,2023 숙박 할인권 지원 사업 전담 콜센터 운영 및 CS 지원,3,3,3,6.5,"79,780,000","12,273,846","4,091,282","4,091,282","4,091,282","4,091,282",주식회사 콜포유,주식회사 한국클라우드,주식회사 텔레앤테크,주식회사 브랜드콘텐츠,,,,,0%,#DIV/0!,,,1.0,,,"79,780,000",6.5,"12,273,846",3.0
2023-05-01 00:00:00,한국보훈복지의료공단,보훈병원 콜센터 업무 위탁 용역,52,52,52,24.0,"4,326,254,640","180,260,610","3,466,550","3,466,550","3,466,550","3,466,550",(주)유니에스,주식회사 휴넥트,주식회사 케이티아이에스,,"4,315,053,600","4,300,261,051",,,100%,0.30%,,,1.0,,,"4,315,053,600",24.0,"179,793,900",5.0
2023-05-01 00:00:00,한국에너지공단,2023년 제로에너지건축물 인증 콜센터 위탁 운영,1,2,1.5,6.5,"85,000,000","13,076,923","13,076,923","6,538,462","9,807,692","8,717,949",(주)아이앤씨에스,주식회사 브랜드콘텐츠,(주)큐앤에이네트웍스,,"84,900,000","80,750,000","77,210,000",,100%,4.90%,,,1.0,,,"84,900,000",6.5,"13,061,538",3.0
2023-06-01 00:00:00,근로복지공단본부,퇴직연금 콜센터 상담용역 (퇴직연금계획부),10,10,10,5.0,"208,000,000","41,600,000","4,160,000","4,160,000","4,160,000","4,160,000",주식회사 한국클라우드,주식회사 텔레앤테크,주식회사 콜포유,,"203,189,910","201,401,542","207,920,775",,98%,0.90%,,,1.0,,,"203,189,910",5.0,"40,637,982",2.0
2023-06-01 00:00:00,사회복지법인 사회복지공동모금회,2023~2025 사랑의열매 나눔콜센터 운영,6,7,6.5,24.0,"150,000,000","6,250,000","1,041,667","892,857","967,262","961,538",주식회사 엠피씨플러스,주식회사 트랜스코스모스코리아,주식회사 이앤유나이트,영지산업주식회사,,,,,0%,#DIV/0!,,,1.0,,,"150,000,000",24.0,"6,250,000",5.0
2023-06-01 00:00:00,전남대학교병원,고객사랑통합콜센터 전화교환서비스 위탁 운영,6,6,6,24.0,"594,666,720","24,777,780","4,129,630","4,129,630","4,129,630","4,129,630",공고기관 직접 집행,,,,,,,,0%,#DIV/0!,,,,,1.0,"594,666,720",24.0,"24,777,780",5.0
2023-06-01 00:00:00,중소벤처기업진흥공단,내일채움공제 고객센터 민간위탁 운영 용역,28,28,28,18.0,"2,105,526,090","116,973,672","4,177,631","4,177,631","4,177,631","4,177,631",(주)케이티씨에스,주식회사 콜포유,,,"2,104,876,600","2,105,182,342",,,100%,0.00%,,,1.0,,,"2,104,876,600",18.0,"116,937,589",4.0
2023-06-01 00:00:00,학교안전공제중앙회,2023 학교안전실태 온라인 조사 및 콜센터 운영사업,5,5,5,6.0,"65,000,000","10,833,333","2,166,667","2,166,667","2,166,667","2,166,667",공고기관 직접 집행,,,,,,,,0%,#DIV/0!,,,,,1.0,"65,000,000",6.0,"10,833,333",2.0
2023-06-01 00:00:00,한국교직원공제회,한국교직원공제회 콜센터 위탁운영 용역,73,73,73,29.0,"8,453,287,000","291,492,655","3,993,050","3,993,050","3,993,050","3,993,050",(주)케이티씨에스,효성아이티엑스 주식회사,주식회사 휴넥트,(주)유니에스,"7,774,818,400","8,259,867,000","7,777,121,958","8,027,455,722",92%,-6.20%,"참여업체수 9건 (주식회사 트랜스코스모스코리아, 주식회사 제니엘, 주식회사 케이에스한국고용정보, (주)유베이스, 에프앤유신용정보 주식회사 등)",,1.0,,,"7,774,818,400",29.0,"268,097,186",6.0
2023-06-01 00:00:00,한국지역정보개발원,2023년 지방보조금시스템(보탬e) 콜센터 운영,70,70,70,6.0,"1,825,592,000","304,265,333","4,346,648","4,346,648","4,346,648","4,346,648",효성아이티엑스 주식회사,주식회사 케이티아이에스,대성글로벌네트웍(주),주식회사 메타엠,"1,816,430,000","1,792,650,731","1,616,887,800","1,818,289,632",99%,1.30%,"참여업체수 6건 ((주)케이티씨에스, 주식회사 콜포유 등)",,1.0,,,"1,816,430,000",6.0,"302,738,333",2.0
2023-07-01 00:00:00,경상북도 안동시,안동시 콜센터 운영 민간위탁 사업자 모집 및 제안서 제출 공고,6,6,6,24.0,"697,932,000","29,080,500","4,846,750","4,846,750","4,846,750","4,846,750",공고기관 직접 집행,,,,,,,,0%,#DIV/0!,,,,,1.0,"697,932,000",24.0,"29,080,500",5.0
2023-08-01 00:00:00,사단법인 보험개발원,AOS 상담센터 운영 도급용역,8,8,8,12.0,"361,396,000","30,116,333","3,764,542","3,764,542","3,764,542","3,764,542",공고기관 직접 집행,,,,,,,,0%,#DIV/0!,,,,,1.0,"361,396,000",12.0,"30,116,333",3.0
2023-08-01 00:00:00,소상공인시장진흥공단,재난지원금 사후관리 헬프데스크(콜센터) 위탁운영 용역,12,12,12,4.0,"180,000,000","45,000,000","3,750,000","3,750,000","3,750,000","3,750,000",케이에스신용정보주식회사,주식회사 한국클라우드,주식회사 텔레앤테크,주식회사 콜포유,"156,600,000","179,051,510","179,799,510","179,746,869",87%,-14.30%,참여업체수 5건 (주식회사 브랜드콘텐츠 등),,1.0,,,"156,600,000",4.0,"39,150,000",2.0
2023-09-01 00:00:00,경기도 파주시,파주시 민원콜센터 운영 민간위탁 사업자 모집공고,14,14,14,27.0,"2,113,040,000","78,260,741","5,590,053","5,590,053","5,590,053","5,590,053",공고기관 직접 집행,,,,,,,,0%,#DIV/0!,,,,,1.0,"2,113,040,000",27.0,"78,260,741",6.0
2023-09-01 00:00:00,국세청 국세상담센터,2024년 홈택스 상담 위탁운영,170,298,234,12.0,"7,679,204,220","639,933,685","3,764,316","2,147,428","2,955,872","2,734,759",(주)케이티씨에스,,,,"7,678,000,000",,,,100%,100.00%,"단독응찰로 인한 유찰, 수의계약 전환",,1.0,,,"7,678,000,000",12.0,"639,833,333",3.0
2023-09-01 00:00:00,국세청 국세상담센터,2024년 연말정산 세법 상담 위탁운영,50,50,50,3.0,"500,700,000","166,900,000","3,338,000","3,338,000","3,338,000","3,338,000",대성글로벌네트웍(주),(주)케이티씨에스,주식회사 콜포유,,"496,937,100","500,491,200","500,693,189",,99%,-0.70%,,,1.0,,,"496,937,100",3.0,"165,645,700",1.0
2023-09-01 00:00:00,국토안전관리원,2024년 국토안전 통합콜센터 위탁 용역,16,16,16,12.0,"812,000,000","67,666,667","4,229,167","4,229,167","4,229,167","4,229,167",(주)케이티씨에스,주식회사 한국클라우드,주식회사 콜포유,,"810,528,978","752,312,706","810,678,000",,100%,7.20%,,,1.0,,,"810,528,978",12.0,"67,544,082",3.0
2023-09-01 00:00:00,서울 경희의료원,경희의료원 콜센터 도급 사업자 선정,19,19,19,36.0,"2,800,000,000","77,777,778","4,093,567","4,093,567","4,093,567","4,093,567",공고기관 직접 집행,,,,,,,,0%,#DIV/0!,,,,,1.0,"2,800,000,000",36.0,"77,777,778",6.0
2023-09-01 00:00:00,질병관리청,2024~2026년도 질병관리청 콜센터 위탁운영사업,20,20,20,36.0,"3,643,000,000","101,194,444","5,059,722","5,059,722","5,059,722","5,059,722",(주)케이티씨에스,효성아이티엑스 주식회사,,,"3,240,000,000","3,588,261,600",,,89%,-10.70%,,,1.0,,,"3,240,000,000",36.0,"90,000,000",6.0
2023-09-01 00:00:00,한국교육학술정보원,0079에듀콜센터 위탁운영,151.8,151.8,151.8,12.0,"8,964,000,000","747,000,000","4,919,868","4,919,868","4,919,868","4,919,868",효성아이티엑스 주식회사,(주)케이티씨에스,,,"8,429,889,600","8,958,974,883",,,94%,-6.30%,,,1.0,,,"8,429,889,600",12.0,"702,490,800",3.0
2023-09-01 00:00:00,한국언론진흥재단,2023년 4분기 정부광고 콜센터 위탁 운영,5,5,5,3.0,"59,730,000","19,910,000","3,982,000","3,982,000","3,982,000","3,982,000",주식회사 콜포유,주식회사 핑거프라임,,,"59,268,000","57,669,000",,,99%,2.70%,,,1.0,,,"59,268,000",3.0,"19,756,000",1.0
2023-10-01 00:00:00,경기도 광명시,광명시 민원콜센터 민간위탁 운영 제안서 제출 안내 공고,13,13,13,36.0,"1,943,000,000","53,972,222","4,151,709","4,151,709","4,151,709","4,151,709",공고기관 직접 집행,,,,,,,,0%,#DIV/0!,,,,,1.0,"1,943,000,000",36.0,"53,972,222",6.0
2023-10-01 00:00:00,경기신용보증재단,경기신용보증재단 고객센터 업무위탁 용역,19,19,19,24.0,"1,810,287,000","75,428,625","3,969,928","3,969,928","3,969,928","3,969,928",주식회사 케이티아이에스,주식회사 엠피씨플러스,엠지신용정보 주식회사,고려휴먼스(주),"1,753,262,309","1,656,916,800","1,778,026,000","1,755,784,800",97%,5.50%,참여업체수 5건 (케이에스신용정보주식회사 등),,1.0,,,"1,753,262,309",24.0,"73,052,596",5.0
2023-10-01 00:00:00,관세청,2024년 관세청 고객지원센터 전화상담 업무 민간 위탁,20,20,20,12.0,"783,000,000","65,250,000","3,262,500","3,262,500","3,262,500","3,262,500",(주)케이티씨에스,주식회사 휴넥트,주식회사 엠피씨플러스,주식회사 핑거프라임,"740,491,000","772,104,250","756,096,911","743,124,000",95%,-4.30%,참여업체수 5건 (주식회사 콜포유 등),,1.0,,,"740,491,000",12.0,"61,707,583",3.0
2023-10-01 00:00:00,대법원,2024년 사용자지원센터 및 등기콜센터 운영 사업,83.3,83.3,83.3,12.0,"3,680,000,000","306,666,667","3,680,000","3,680,000","3,680,000","3,680,000",주식회사 케이티아이에스,주식회사 엠피씨플러스,,,"3,669,893,700","3,562,369,760",,,100%,2.90%,,,1.0,,,"3,669,893,700",12.0,"305,824,475",3.0
2023-10-01 00:00:00,대법원,2024년 가족콜센터 및 사용자지원센터 운영 사업,30,30,30,12.0,"1,300,000,000","108,333,333","3,611,111","3,611,111","3,611,111","3,611,111",효성아이티엑스 주식회사,,,,"1,280,492,400",,,,98%,100.00%,"단독응찰로 인한 유찰, 수의계약 전환",,1.0,,,"1,280,492,400",12.0,"106,707,700",3.0
2023-10-01 00:00:00,대한무역투자진흥공사,KOTRA 고객안내센터 위탁운영,8,8,8,24.0,"870,947,968","36,289,499","4,536,187","4,536,187","4,536,187","4,536,187",(주)케이티씨에스,엘비유세스 주식회사,(주)유원커리어센터,,"857,671,000","868,221,200","799,954,000",,98%,-1.20%,,,1.0,,,"857,671,000",24.0,"35,736,292",5.0
2023-10-01 00:00:00,사단법인한국자동차환경협회,운행경유차 배출가스 저감사업 콜센터 위탁운영 용역,35,35,35,24.0,"2,869,000,000","119,541,667","3,415,476","3,415,476","3,415,476","3,415,476",(주)케이티씨에스,효성아이티엑스 주식회사,(주)한국고용정보,(주)유베이스,,,,,0%,#DIV/0!,,,1.0,,,"2,869,000,000",24.0,"119,541,667",5.0
2023-10-01 00:00:00,사단법인한국자동차환경협회,전기차 헬프데스크 위탁운영 용역,28,28,28,24.0,"2,570,000,000","107,083,333","3,824,405","3,824,405","3,824,405","3,824,405",효성아이티엑스 주식회사,(주)유베이스,(주)케이티씨에스,,"2,505,452,400","2,311,376,000","2,515,127,229",,97%,7.70%,,,1.0,,,"2,505,452,400",24.0,"104,393,850",5.0
2023-10-01 00:00:00,서울교통공사,서울교통공사 고객센터 위탁용역,34,34,34,12.0,"1,947,607,228","162,300,602","4,773,547","4,773,547","4,773,547","4,773,547",(주)케이티씨에스,주식회사 트랜스코스모스코리아,주식회사 엠피씨플러스,,"1,899,629,000","1,819,778,547","1,831,944,616",,98%,4.20%,,,1.0,,,"1,899,629,000",12.0,"158,302,417",3.0
2023-10-01 00:00:00,서울특별시,2024년 서울형 헬스케어 상담센터 운영,28,28,28,12.0,"1,422,498,000","118,541,500","4,233,625","4,233,625","4,233,625","4,233,625",유찰-단독응찰,,,,,,,,0%,#DIV/0!,,,,1.0,,"1,422,498,000",12.0,"118,541,500",3.0
2023-10-01 00:00:00,인천광역시교육청,2024년 지능형 나이스 상담센터 위탁 운영 용역,6,6,6,12.0,"278,352,000","23,196,000","3,866,000","3,866,000","3,866,000","3,866,000",주식회사 케이티아이에스,주식회사 텔레앤테크,주식회사 한국클라우드,주식회사 콜포유,"274,219,877","275,631,510","270,240,000","278,238,542",99%,-0.50%,,,1.0,,,"274,219,877",12.0,"22,851,656",3.0
2023-10-01 00:00:00,재단법인 부산경제진흥원,부산광역시 소상공인종합콜센터 운영,2,2,2,26.0,"205,000,000","7,884,615","3,942,308","3,942,308","3,942,308","3,942,308",유찰-단독응찰,,,,,,,,0%,#DIV/0!,,,,1.0,,"205,000,000",26.0,"7,884,615",6.0
2023-10-01 00:00:00,중소기업중앙회,공제사업 고객센터 위탁운영,155,155,155,24.0,"13,861,343,206","577,555,967","3,726,168","3,726,168","3,726,168","3,726,168",공고기관 직접 집행,,,,,,,,0%,#DIV/0!,,,,,1.0,"13,861,343,206",24.0,"577,555,967",5.0
2023-10-01 00:00:00,중소기업중앙회,외국인력지원사업 고객콜센터 위탁운영,15,15,15,24.0,"1,305,557,160","54,398,215","3,626,548","3,626,548","3,626,548","3,626,548",공고기관 직접 집행,,,,,,,,0%,#DIV/0!,,,,,1.0,"1,305,557,160",24.0,"54,398,215",5.0
2023-10-01 00:00:00,중소벤처기업부,24~25년 1357중소기업통합콜센터 민간위탁 운영,81,81,81,24.0,"6,814,217,440","283,925,727","3,505,256","3,505,256","3,505,256","3,505,256",(주)케이티씨에스,효성아이티엑스 주식회사,주식회사 케이에스한국고용정보,,"6,810,000,000","6,678,076,680","6,735,141,600",,100%,1.90%,,,1.0,,,"6,810,000,000",24.0,"283,750,000",5.0
2023-10-01 00:00:00,충청남도 아산시,아산시 콜센터 운영 민간위탁 모집 공고,15,15,15,24.0,"1,874,217,000","78,092,375","5,206,158","5,206,158","5,206,158","5,206,158",공고기관 직접 집행,,,,,,,,0%,#DIV/0!,,,,,1.0,"1,874,217,000",24.0,"78,092,375",5.0
2023-10-01 00:00:00,한국보건의료인국가시험원,2024~2025년도 국시원 고객상담센터 위탁운영 용역,8,8,8,24.0,"673,221,000","28,050,875","3,506,359","3,506,359","3,506,359","3,506,359",주식회사 트랜스코스모스코리아,(주)케이티씨에스,주식회사 케이티아이에스,인트로맨(주),"659,701,680","665,277,360","656,609,778","670,586,400",98%,-0.80%,"참여업체수 9건 (주식회사 엠피씨플러스, 주식회사 휴먼플래너, 엠지신용정보 주식회사, 엘비유세스 주식회사, 주식회사 핑거프라임 등)",,1.0,,,"659,701,680",24.0,"27,487,570",5.0
2023-10-01 00:00:00,한국해양수산연수원,연수원 콜센터 위탁운영 용역,5,5,5,24.0,"577,743,000","24,072,625","4,814,525","4,814,525","4,814,525","4,814,525",주식회사 휴넥트,주식회사 콜포유,,,"539,046,000","577,707,710",,,93%,-7.20%,,,1.0,,,"539,046,000",24.0,"22,460,250",5.0
2023-10-01 00:00:00,한국환경공단,2024년 탄소중립포인트제 참여지원 콜센터 위탁운영,4,4,4,13.0,"192,832,000","14,833,231","3,708,308","3,708,308","3,708,308","3,708,308",주식회사 텔레앤테크,주식회사 한국클라우드,인트로맨(주),주식회사 핑거프라임,"180,580,060","180,613,400","184,477,480","182,568,000",94%,0.00%,참여업체수 5건 (주식회사 콜포유 등),,1.0,,,"180,580,060",13.0,"13,890,774",4.0
2023-10-01 00:00:00,환경부 온실가스종합정보센터,2024~2025년 목표관리제.배출권거래제 지원을 위한 통합 헬프데스크 위탁 운영,6,6,6,24.0,"708,000,000","29,500,000","4,916,667","4,916,667","4,916,667","4,916,667",주식회사 한국클라우드,주식회사 폴렉스존,(주)케이티씨에스,,"679,807,450","708,000,000","699,079,920",,96%,-4.10%,,,1.0,,,"679,807,450",24.0,"28,325,310",5.0
2023-11-01 00:00:00,㈜중소기업유통센터,2024년 공공구매 고객콜센터 위탁운영 용역,3,3,3,24.0,"141,706,000","5,904,417","1,968,139","1,968,139","1,968,139","1,968,139",주식회사 콜포유,주식회사 텔레앤테크,마케팅앤컴퍼니,,"141,654,091","141,430,740","138,903,600",,100%,0.20%,,,1.0,,,"141,654,091",24.0,"5,902,254",5.0
2023-11-01 00:00:00,고위공직자범죄수사처,2024년 공수처 통합민원실 콜센터 위탁 용역,3,3,3,24.0,"160,000,000","6,666,667","2,222,222","2,222,222","2,222,222","2,222,222",주식회사 코리아플러스파워,주식회사 텔레앤테크,주식회사 핑거프라임,주식회사 콜포유,"149,030,105","159,086,411","152,808,000","159,955,268",93%,-6.70%,참여업체수 5건 (인트로맨(주) 등),,1.0,,,"149,030,105",24.0,"6,209,588",5.0
2023-11-01 00:00:00,국세청,2024년 근로장려금 상담센터 위탁운영 용역,85,211,148,10.0,"1,704,000,000","170,400,000","2,004,706","807,583","1,406,144","1,151,351",쉬프트정보통신 주식회사,주식회사 하이엔에스,(주)케이티씨에스,주식회사 엠피씨플러스,"1,692,072,000","1,526,000,000","1,604,408,744","1,693,137,169",99%,9.80%,,,1.0,,,"1,692,072,000",10.0,"169,207,200",3.0
2023-11-01 00:00:00,농림수산식품교육문화정보원,2024년 동물보호복지 상담센터 위탁 운영,4,4,4,12.0,"260,000,000","21,666,667","5,416,667","5,416,667","5,416,667","5,416,667",주식회사 블루데이타시스템즈,주식회사 콜포유,주식회사 케이티아이에스,(주)큐앤에이네트웍스,"258,500,000","259,614,242","256,560,000",,99%,-0.40%,,,1.0,,,"258,500,000",12.0,"21,541,667",3.0
2023-11-01 00:00:00,대법원,2024~2025년 법원대표전화안내센터 위탁운영,49,49,49,24.0,"4,054,000,000","168,916,667","3,447,279","3,447,279","3,447,279","3,447,279",주식회사 케이티아이에스,,,,"4,026,432,000",,,,99%,100.00%,"단독응찰로 인한 유찰, 수의계약 전환",,1.0,,,"4,026,432,000",24.0,"167,768,000",5.0
2023-11-01 00:00:00,대법원,사업UHD 사업,59,59,59,24.0,"5,468,000,000","227,833,333","3,861,582","3,861,582","3,861,582","3,861,582",주식회사 케이티아이에스,,,,"5,325,500,000",,,,97%,100.00%,"단독응찰로 인한 유찰, 수의계약 전환",,1.0,,,"5,325,500,000",24.0,"221,895,833",5.0
2023-11-01 00:00:00,더케이예다함상조 주식회사,더케이예다함상조㈜ 고객센터 위탁운영,77,77,77,36.0,"10,077,411,600","279,928,100","3,635,430","3,635,430","3,635,430","3,635,430",(주)유베이스,(주)케이티씨에스,효성아이티엑스 주식회사,주식회사 메타엠,"9,565,578,000","9,956,707,200","9,845,074,800",,95%,-4.10%,참여업체수 5건 (주식회사 케이에스한국고용정보 등),,1.0,,,"9,565,578,000",36.0,"265,710,500",6.0
2023-11-01 00:00:00,사단법인 한국정보통신진흥협회,2024년 이동통신 판매점 신분증 스캐너 헬프데스크 운영,8,8,8,12.0,"400,000,000","33,333,333","4,166,667","4,166,667","4,166,667","4,166,667",공고기관 직접 집행,,,,,,,,0%,#DIV/0!,,,,,1.0,"400,000,000",12.0,"33,333,333",3.0
2023-11-01 00:00:00,새마을금고중앙회,새마을금고 헬프데스크 운영업무 도급위탁 용역,44,44,44,12.0,"3,090,000,000","257,500,000","5,852,273","5,852,273","5,852,273","5,852,273",공고기관 직접 집행,,,,,,,,0%,#DIV/0!,,,,,1.0,"3,090,000,000",12.0,"257,500,000",3.0
2023-11-01 00:00:00,서울특별시 강남구,2024 강남구청 인터넷 수능방송 콜센터 운영 용역,6,6,6,12.0,"297,132,000","24,761,000","4,126,833","4,126,833","4,126,833","4,126,833",주식회사 케이티아이에스,주식회사 한국클라우드,주식회사 텔레앤테크,더화이트커뮤니케이션 주식회사,"291,652,476","288,354,182","287,742,444","293,269,000",98%,1.10%,,,1.0,,,"291,652,476",12.0,"24,304,373",3.0
2023-11-01 00:00:00,아동권리보장원,2024년 자립준비청년 상담센터 위탁 운영,3,3,3,12.0,"100,000,000","8,333,333","2,777,778","2,777,778","2,777,778","2,777,778",주식회사 콜포유,주식회사 텔레앤테크,미스틱레인,,"99,844,800","99,187,770","87,777,000",,100%,0.70%,,,1.0,,,"99,844,800",12.0,"8,320,400",3.0
2023-11-01 00:00:00,어린이집안전공제회,어린이집안전공제회 상담데스크 위탁 운영 용역,7,7,7,24.0,"338,988,000","14,124,500","2,017,786","2,017,786","2,017,786","2,017,786",공고기관 직접 집행,,,,,,,,0%,#DIV/0!,,,,,1.0,"338,988,000",24.0,"14,124,500",5.0
2023-11-01 00:00:00,자원순환보증금관리센터,2024~2025년도 자원순환보증금 상담센터 위탁 운영 용역,6,6,6,24.0,"508,200,000","21,175,000","3,529,167","3,529,167","3,529,167","3,529,167",공고기관 직접 집행,,,,,,,,0%,#DIV/0!,,,,,1.0,"508,200,000",24.0,"21,175,000",5.0
2023-11-01 00:00:00,재단법인 부산경제진흥원,2024 부산청년 자산형성지원사업 콜센터 운영,3,15,9,13.0,"201,000,000","15,461,538","5,153,846","1,030,769","3,092,308","1,717,949",유찰-단독응찰,,,,,,,,0%,#DIV/0!,,,,1.0,,"201,000,000",13.0,"15,461,538",4.0
2023-11-01 00:00:00,재단법인 서울시복지재단,2024년 서울형 자산형성지원사업 콜센터 운영 용역,6,17,11.5,12.0,"428,200,000","35,683,333","5,947,222","2,099,020","4,023,121","3,102,899",주식회사 엠피씨플러스,주식회사 한국클라우드,주식회사 콜포유,,"422,020,000","401,314,000","425,884,800",,99%,4.90%,,,1.0,,,"422,020,000",12.0,"35,168,333",3.0
2023-11-01 00:00:00,재단법인 한국자활복지개발원,24년 자산형성지원 콜센터 위탁 운영,4,18,11,12.0,"290,000,000","24,166,667","6,041,667","1,342,593","3,692,130","2,196,970",(주)케이티씨에스,주식회사 엠피씨플러스,주식회사 콜포유,주식회사 하람앤커뮤니티,"288,602,700","280,900,000","289,960,000","274,050,000",100%,2.70%,,,1.0,,,"288,602,700",12.0,"24,050,225",3.0
2023-11-01 00:00:00,재외동포청,2024~2025년도 재외동포 민원콜센터 및 영사서비스 실무연구센터 통합 위탁운영 용역,27,27,27,24.0,"3,820,460,000","159,185,833","5,895,772","5,895,772","5,895,772","5,895,772",주식회사 엠피씨플러스,(주)케이티씨에스,,,"3,652,987,167","3,792,605,736",,,96%,-3.80%,,,1.0,,,"3,652,987,167",24.0,"152,207,799",5.0
2023-11-01 00:00:00,전라남도 순천시,2024~2026년 순천시 민원콜센터 운영 민간위탁(협상계약),12,12,12,36.0,"1,886,670,000","52,407,500","4,367,292","4,367,292","4,367,292","4,367,292",(주)케이티씨에스,주식회사 디쎄타,,,"1,857,480,720","1,828,648,356",,,98%,1.60%,,,1.0,,,"1,857,480,720",36.0,"51,596,687",6.0
2023-11-01 00:00:00,중소벤처기업진흥공단,2024년 정책자금 안내 콜센터 민간위탁 용역,12,12,12,12.0,"529,248,000","44,104,000","3,675,333","3,675,333","3,675,333","3,675,333",(주) 윌앤비전,엘비유세스 주식회사,더화이트커뮤니케이션 주식회사,주식회사 콜포유,"510,346,000","529,215,000","514,148,772","528,620,400",96%,-3.70%,참여업체수 5건 (주식회사 원커넥트 등),,1.0,,,"510,346,000",12.0,"42,528,833",3.0
2023-11-01 00:00:00,충청북도 충주시,충주시 시민행복콜센터 민간위탁 운영,8,8,8,36.0,"1,342,306,000","37,286,278","4,660,785","4,660,785","4,660,785","4,660,785",유찰-단독응찰,,,,,,,,0%,#DIV/0!,,,,1.0,,"1,342,306,000",36.0,"37,286,278",6.0
2023-11-01 00:00:00,한국고용정보원,2024년 온통청년 실시간 상담 서비스 일부 위탁운영 사업,25,25,25,12.0,"1,210,000,000","100,833,333","4,033,333","4,033,333","4,033,333","4,033,333",주식회사 엠피씨플러스,(주)케이티씨에스,주식회사 한국클라우드,엘비유세스 주식회사,"1,187,868,000","1,209,132,324","1,175,268,218","1,209,542,400",98%,-1.80%,,,1.0,,,"1,187,868,000",12.0,"98,989,000",3.0
2023-11-01 00:00:00,한국과학기술기획평가원,2024~2025년 범부처 통합연구지원시스템 콜센터 운영사업자 선정,35,35,35,24.0,"4,200,000,000","175,000,000","5,000,000","5,000,000","5,000,000","5,000,000",주식회사 콜포유,주식회사 케이티아이에스,주식회사 트랜스코스모스코리아,엘비유세스 주식회사,"4,199,896,800","4,146,296,870","4,146,311,490","4,134,741,600",100%,1.30%,"참여업체수 7건 (효성아이티엑스 주식회사, 주식회사 한국클라우드, 주식회사 핑거프라임 등)",,1.0,,,"4,199,896,800",24.0,"174,995,700",5.0
2023-11-01 00:00:00,한국교육학술정보원,2024년 4세대 나이스 중앙상담센터 위탁운영,91.1,91.1,91.1,12.0,"5,377,560,000","448,130,000","4,920,000","4,920,000","4,920,000","4,920,000",효성아이티엑스 주식회사,,,,"5,340,000,000",,,,99%,100.00%,"단독응찰로 인한 유찰, 수의계약 전환",,1.0,,,"5,340,000,000",12.0,"445,000,000",3.0
2023-11-01 00:00:00,한국데이터산업진흥원,2024년 K-DATA 통합 고객센터 위탁 운영 용역,5,5,5,12.0,"199,336,380","16,611,365","3,322,273","3,322,273","3,322,273","3,322,273",주식회사 콜포유,마케팅앤컴퍼니,,,"199,227,600","199,108,800",,,100%,0.10%,,,1.0,,,"199,227,600",12.0,"16,602,300",3.0
2023-11-01 00:00:00,한국부동산원,통합(부동산거래 및 주택임대차 신고)콜센터,22,22,22,12.0,"991,000,000","82,583,333","3,753,788","3,753,788","3,753,788","3,753,788",(주)케이티씨에스,주식회사 텔레앤테크,주식회사 디에스소프트뱅크,,,,,,0%,#DIV/0!,,,1.0,,,"991,000,000",12.0,"82,583,333",3.0
2023-11-01 00:00:00,한국부동산원,24년 부동산거래 전자계약시스템 콜센터 용역,5,5,5,12.0,"227,070,000","18,922,500","3,784,500","3,784,500","3,784,500","3,784,500",주식회사 텔레앤테크,주식회사 휴먼플래너,주식회사 핑거프라임,주식회사 콜포유,,,,,0%,#DIV/0!,,,1.0,,,"227,070,000",12.0,"18,922,500",3.0
2023-11-01 00:00:00,한국산업기술진흥협회,2024년 기업공감원스톱지원센터 콜센터 위탁운영,12,12,12,12.0,"819,325,000","68,277,083","5,689,757","5,689,757","5,689,757","5,689,757",공고기관 직접 집행,,,,,,,,0%,#DIV/0!,,,,,1.0,"819,325,000",12.0,"68,277,083",3.0
2023-11-01 00:00:00,한국산업인력공단,외국인력상담센터 위탁운영 용역,46,46,46,24.0,"3,412,210,000","142,175,417","3,090,770","3,090,770","3,090,770","3,090,770",주식회사 휴넥트,주식회사 케이티아이에스,프리머스에이치알주식회사,(주)우리엔유,"3,362,660,400","3,396,356,568","3,367,436,600","3,412,109,800",99%,-1.00%,,,1.0,,,"3,362,660,400",24.0,"140,110,850",5.0
2023-11-01 00:00:00,한국에너지공단,2024년 신재생에너지 콜센터 운영 위탁,13,13,13,12.0,"680,000,000","56,666,667","4,358,974","4,358,974","4,358,974","4,358,974",주식회사 블루콘텐츠,(주)아이앤씨에스,인트로맨(주),,"659,600,000","612,000,000","662,816,880",,97%,7.20%,,,1.0,,,"659,600,000",12.0,"54,966,667",3.0
2023-11-01 00:00:00,한국지역정보개발원,2024년 KLID 통합콜센터 운영,41,41,41,12.0,"2,035,191,000","169,599,250","4,136,567","4,136,567","4,136,567","4,136,567",주식회사 메타엠,효성아이티엑스 주식회사,엘비유세스 주식회사,주식회사 한국클라우드,"1,990,416,798","1,973,334,000","2,025,249,600","1,988,593,200",98%,0.90%,참여업체수 5건 (주식회사 케이티아이에스 등),,1.0,,,"1,990,416,798",12.0,"165,868,067",3.0
2023-11-01 00:00:00,한국지역정보개발원,2024년 통합지방재정시스템 콜센터 운영,105,105,105,12.0,"5,663,421,000","471,951,750","4,494,779","4,494,779","4,494,779","4,494,779",대성글로벌네트웍(주),주식회사 케이티아이에스,,,"5,521,216,800","5,435,106,452",,,97%,1.60%,,,1.0,,,"5,521,216,800",12.0,"460,101,400",3.0
2023-11-01 00:00:00,한국환경공단,2024년 Allbaro 및 폐기물처분부담금 협업콜센터 위탁운영,6,24,15,5.0,"343,788,000","68,757,600","11,459,600","2,864,900","7,162,250","4,583,840",주식회사 엠피씨플러스,더화이트커뮤니케이션 주식회사,주식회사 콜포유,인트로맨(주),"302,054,000","302,066,000","302,700,200","337,654,039",88%,0.00%,,,1.0,,,"302,054,000",5.0,"60,410,800",2.0
2023-12-01 00:00:00,㈜강원랜드,강원랜드 교환안내콜센터 위탁운영 용역,16,16,16,24.0,"1,783,000,000","74,291,667","4,643,229","4,643,229","4,643,229","4,643,229",주식회사 트랜스코스모스코리아,(주)케이티씨에스,주식회사 엠피씨플러스,,"1,727,593,120","1,717,069,349","1,738,506,000",,97%,0.60%,,,1.0,,,"1,727,593,120",24.0,"71,983,047",5.0
2023-12-01 00:00:00,경기복지재단,2024년 경기도 청년 노동자 통장 콜센터 운영,6,23,14.5,12.0,"270,000,000","22,500,000","3,750,000","978,261","2,364,130","1,551,724",주식회사 콜포유,주식회사 핑거프라임,,,"269,819,000","260,739,000",,,100%,3.40%,,,1.0,,,"269,819,000",12.0,"22,484,917",3.0
2023-12-01 00:00:00,농림수산식품교육문화정보원,2024년 직불제 상담지원센터 위탁 용역,7,18,12.5,12.0,"329,365,000","27,447,083","3,921,012","1,524,838","2,722,925","2,195,767",주식회사 블루데이타시스템즈,(주)큐앤에이네트웍스,주식회사 텔레앤테크,,"319,000,000","324,126,000","328,416,500",,97%,-1.60%,,,1.0,,,"319,000,000",12.0,"26,583,333",3.0
2023-12-01 00:00:00,사회복지법인어린이재단,초록우산 어린이재단 콜센터 위탁 용역,7,7,7,12.0,"300,000,000","25,000,000","3,571,429","3,571,429","3,571,429","3,571,429",유찰-단독응찰,,,,,,,,0%,#DIV/0!,,,,1.0,,"300,000,000",12.0,"25,000,000",3.0
2023-12-01 00:00:00,서울에너지공사,2024년 전기차 충전인프라 콜센터 용역,7,7,7,12.0,"299,690,290","24,974,191","3,567,742","3,567,742","3,567,742","3,567,742",주식회사 이지차저,주식회사 한국클라우드,(주)유베이스,,"247,244,489","292,723,200","299,019,600",,82%,-18.40%,,,1.0,,,"247,244,489",12.0,"20,603,707",3.0
2023-12-01 00:00:00,세종특별자치시교육청교육원,2024년 세종특별자치시교육청 나이스 상담센터 운영 용역,3,3,3,12.0,"141,120,000","11,760,000","3,920,000","3,920,000","3,920,000","3,920,000",주식회사 텔레앤테크,주식회사 브랜드콘텐츠,,,"140,189,720","127,008,000",,,99%,9.40%,,,1.0,,,"140,189,720",12.0,"11,682,477",3.0
2023-12-01 00:00:00,소상공인시장진흥공단,2024년 손실보상제도 콜센터 위탁운영 용역,40,40,40,12.0,"2,501,070,000","208,422,500","5,210,563","5,210,563","5,210,563","5,210,563",(주)케이티씨에스,케이에스신용정보주식회사,,,"2,458,225,000","2,300,984,400",,,98%,6.40%,,,1.0,,,"2,458,225,000",12.0,"204,852,083",3.0
2023-12-01 00:00:00,재단법인경기도시장상권진흥원,2024년 종합상담 콜센터 운영 용역,10,10,10,12.0,"499,670,000","41,639,167","4,163,917","4,163,917","4,163,917","4,163,917",엠지신용정보 주식회사,주식회사 한국클라우드,주식회사 텔레앤테크,주식회사 콜포유,"499,657,752","485,562,000","491,791,080","499,131,600",100%,2.80%,,,1.0,,,"499,657,752",12.0,"41,638,146",3.0
2023-12-01 00:00:00,주식회사 신세계야구단,SSG랜더스 CS콜센터 운영 용역,3,3,3,12.0,"136,400,000","11,366,667","3,788,889","3,788,889","3,788,889","3,788,889",주식회사 제니엘,주식회사 디디팩토리,,,"124,000,000","124,000,000",,,91%,-,,,1.0,,,"124,000,000",12.0,"10,333,333",3.0
2023-12-01 00:00:00,한국교육시설안전원,24년 교육시설 통합정보망 서비스 상담센터 위탁 운영 용역,11,11,11,16.0,"738,514,000","46,157,125","4,196,102","4,196,102","4,196,102","4,196,102",엘비유세스 주식회사,주식회사 텔레앤테크,주식회사 한국클라우드,,"738,392,600","736,303,270","710,881,600",,100%,0.30%,,,1.0,,,"738,392,600",16.0,"46,149,538",4.0
2023-12-01 00:00:00,한국산림복지진흥원,2024년 숲e랑 고객지원센터 운영 위탁,5,5,5,12.0,"232,000,000","19,333,333","3,866,667","3,866,667","3,866,667","3,866,667",주식회사 에코누리시스템,주식회사 한국클라우드,주식회사 그린씨에스,주식회사 브랜드콘텐츠,"230,000,000","230,920,800","227,639,140","208,800,000",99%,-0.40%,"참여업체수 7건 (주식회사 텔레앤테크, 주식회사 하람앤커뮤니티, 주식회사 콜포유 등)",,1.0,,,"230,000,000",12.0,"19,166,667",3.0
2023-12-01 00:00:00,한국에너지공단,2024년 에너지사용량 신고 콜센터 운영,6,6,6,5.0,"108,000,000","21,600,000","3,600,000","3,600,000","3,600,000","3,600,000",(주)아이앤씨에스,주식회사 하람앤커뮤니티,마케팅앤컴퍼니,주식회사 핑거프라임,"105,000,000","101,628,000","100,848,000","99,680,000",97%,3.20%,,,1.0,,,"105,000,000",5.0,"21,000,000",2.0
2023-12-01 00:00:00,한국환경산업기술원,2024년 가습기살균제 피해구제 상담서비스 지원 및 자료분석,10,10,10,12.0,"415,000,000","34,583,333","3,458,333","3,458,333","3,458,333","3,458,333",인트로맨(주),마루손해사정 주식회사,주식회사 텔레앤테크,,"405,870,000","399,080,000","414,506,930",,98%,1.70%,,,1.0,,,"405,870,000",12.0,"33,822,500",3.0
